title,keep,platform,rank,day
高市早苗又放话了,false,weibo,1,2025-12-25
骄阳似我 光污染,false,weibo,1,2025-12-25
19岁男子强奸女子赔10万一审获刑,true,weibo,1,2025-12-26
抓紧去个税App确认这个信息,false,weibo,1,2025-12-26
霸王茶姬大跌,false,weibo,1,2025-12-27
6名大学生坠落事故调查结果,true,weibo,1,2025-12-27
台湾海域6.6级地震,false,weibo,1,2025-12-27
南博镇馆之宝金兽被指脱皮掉色,true,weibo,2,2025-12-25
鸡排哥一夜爆火后现状,true,weibo,2,2025-12-25
日本前所未有的熊尸危机,true,weibo,2,2025-12-26
下周上四休三,true,weibo,2,2025-12-26
攀枝花发生刑案致1死3伤,true,weibo,2,2025-12-27
曹建国已从院士名单中撤下,false,weibo,2,2025-12-27
明年起公积金贷款利率正式下调,false,weibo,2,2025-12-27
福建地震,false,weibo,2,2025-12-27
粤港澳大湾区再添海上新通道,false,weibo,3,2025-12-25
冰雪大世界打卡玩法又升级了,false,weibo,3,2025-12-25
三亚免税店连续5日销售额破亿,false,weibo,3,2025-12-25
2025打破纪录的高光时刻,false,weibo,3,2025-12-25
2025年终盘点向新力十足,false,weibo,3,2025-12-25
150秒感受2025一路向前,false,weibo,3,2025-12-25
相聚澳门解锁中华佳节好物,false,weibo,3,2025-12-25
我国又创造一个世界纪录,false,weibo,3,2025-12-25
2025大国重器持续上分,false,weibo,3,2025-12-26
这种转卖行为正在侵犯公民个人信息,false,weibo,3,2025-12-26
2025微盘点,false,weibo,3,2025-12-26
今年人工智能核心产业规模超万亿元,false,weibo,3,2025-12-26
故事里的2025,false,weibo,3,2025-12-26
这些大国工程见证中国之变,false,weibo,3,2025-12-27
全网刷屏的2025,false,weibo,3,2025-12-27
2025这些同框瞬间你还记得吗,false,weibo,3,2025-12-27
十四五我国健儿获665个世界冠军,false,weibo,3,2025-12-27
2025热搜里的中国,false,weibo,3,2025-12-27
人民军队2025年终大片,false,weibo,3,2025-12-27
郑州通报学生意外坠楼,true,weibo,4,2025-12-25
山东录用公务员将考察报考动机,false,weibo,4,2025-12-25
罚罪2,false,weibo,4,2025-12-25
长安二十四计 第二季,false,weibo,4,2025-12-25
山东一服装店允许骑车进入成打卡点,true,weibo,4,2025-12-26
宋威龙赵今麦杀死了现偶比赛,false,weibo,4,2025-12-26
一诺暂时告别赛场,false,weibo,4,2025-12-27
美国网红称他在旧金山快活不下去了,false,weibo,5,2025-12-25
逐玉,false,weibo,5,2025-12-25
辽宁虐童幼儿园永久关停,true,weibo,5,2025-12-25
哥哥只是比我先认识嫂子,false,weibo,5,2025-12-25
年销10亿元止咳药或引发自杀倾向,true,weibo,5,2025-12-25
男子发现女儿非亲生多部门介入调解,true,weibo,5,2025-12-25
这个节美国人过得不太舒心,false,weibo,5,2025-12-25
南博已故原院长曾释疑金兽颈部绿斑,true,weibo,5,2025-12-25
老舅,false,weibo,5,2025-12-26
毛新宇说网友称爷爷为教员贴切,false,weibo,5,2025-12-26
游戏擦边设计是舍本逐末,false,weibo,5,2025-12-26
恋与深空直播,false,weibo,5,2025-12-26
保时捷车主发声,false,weibo,5,2025-12-27
燕云十六声相关补偿,false,weibo,5,2025-12-27
厦门地震,false,weibo,5,2025-12-27
女子早高峰占电梯被推出去后厮打,true,weibo,6,2025-12-25
2个月宝宝被奶奶碘伏擦进ICU,true,weibo,6,2025-12-25
霸王茶姬 咖啡因,true,weibo,6,2025-12-26
男子在大理苍山疑自缢身亡,false,weibo,6,2025-12-26
同事为了请假已经不择手段了,true,weibo,6,2025-12-26
6名坠落大学生呼吸道窒息死亡,false,weibo,6,2025-12-27
银行女经理自杀储户千万存款被转走,true,weibo,6,2025-12-27
胖东来售卖梅西签名球衣,false,weibo,7,2025-12-25
谷围动画啥家庭啊吃这么好,false,weibo,7,2025-12-25
原来是黄晓明给杨幂黄子韬牵的线,false,weibo,7,2025-12-25
SBS节目单,false,weibo,7,2025-12-25
罚罪1,false,weibo,7,2025-12-25
河南一大货车出事故多人哄抢货物,true,weibo,7,2025-12-25
A股,false,weibo,7,2025-12-26
8旬老人与保姆发生性关系感染HIV,true,weibo,7,2025-12-26
赵丽颖逍遥演技,false,weibo,7,2025-12-27
泉州震感,false,weibo,7,2025-12-27
马面裙才是马年的本命战袍,false,weibo,8,2025-12-25
年薪45万美元程序员半年变流浪汉,true,weibo,8,2025-12-25
iPhone的背面有隐藏按键,false,weibo,8,2025-12-25
肖战感谢1000万观众,false,weibo,8,2025-12-25
KPL,false,weibo,8,2025-12-25
王俊凯的跨年老家,false,weibo,8,2025-12-25
小米发布会,false,weibo,8,2025-12-25
这还是我认识的王传君吗,false,weibo,8,2025-12-25
马刺三杀雷霆,false,weibo,8,2025-12-26
深大发博感谢孙颖莎,false,weibo,8,2025-12-26
赵丽颖害羞捂脸镜头,false,weibo,8,2025-12-26
电影飞驰人生3定档春节,false,weibo,8,2025-12-26
王俊凯刘耀文都在厕所被时代峰峻发现,false,weibo,8,2025-12-26
香港大埔火灾受灾居民有新家了,false,weibo,8,2025-12-26
王橹杰 请保持苹果肌扁平,false,weibo,8,2025-12-26
橹穆美杜莎,false,weibo,8,2025-12-26
赵丽颖出演逍遥源于10年前的约定,false,weibo,8,2025-12-27
第一个官宣春晚的省级卫视,false,weibo,8,2025-12-27
王鹤棣睡醒没穿裤子是我能看的吗,false,weibo,8,2025-12-27
樊振东陈梦王曼昱虎扑十大运动员,false,weibo,8,2025-12-27
恋人,false,weibo,8,2025-12-27
Hero战胜AG,false,weibo,8,2025-12-27
吸毒记录封存不是消除删除记录,false,weibo,9,2025-12-25
医学本科生被曝一年发40多篇论文,true,weibo,9,2025-12-25
林心如一开始没想过和霍建华在一起,false,weibo,9,2025-12-25
TapTap年度游戏投票,false,weibo,9,2025-12-25
紫燕百味鸡回应员工鬼手偷肉,true,weibo,9,2025-12-25
SBS直播,false,weibo,9,2025-12-25
没想过是宋佳高伟光但意外合适,false,weibo,9,2025-12-25
女子自制减肥药成本20卖510,true,weibo,9,2025-12-25
估值2亿别墅6673万元起拍没人要,false,weibo,9,2025-12-26
孙颖莎缺席乒超半决赛,false,weibo,9,2025-12-26
鸡排哥变了吗,true,weibo,9,2025-12-26
长期乱买衣服 隐形贫穷,false,weibo,9,2025-12-26
王者孙悟空新皮肤1月1日上线,false,weibo,9,2025-12-26
张继科说当年队医拿葡萄糖当封闭,false,weibo,9,2025-12-26
爱奇艺腾讯优酷都发了赵丽颖,false,weibo,9,2025-12-27
燕云十六声不只是情趣,false,weibo,9,2025-12-27
人人人人济南地铁人人人人,false,weibo,9,2025-12-27
王橹杰黄昏晓,false,weibo,9,2025-12-27
中华人民共和国主席令,false,weibo,9,2025-12-27
湘超,false,weibo,9,2025-12-27
BLG连续被零封,false,weibo,10,2025-12-25
宇宙闪烁请注意,false,weibo,10,2025-12-25
汪家人 云顶天宫,false,weibo,10,2025-12-25
老板监视员工微信只需300元,true,weibo,10,2025-12-25
二十届中央纪委五次全会,false,weibo,10,2025-12-25
西贝预制菜风波100天后贾国龙现状,true,weibo,10,2025-12-25
有这么萌的小鼻嘎进入国漫,false,weibo,10,2025-12-25
孟鲁司特 抑郁,true,weibo,10,2025-12-25
乒超,false,weibo,10,2025-12-25
刘强东发奖金有员工多拿1年工资,true,weibo,10,2025-12-25
京东采销2025年平均25薪,true,weibo,10,2025-12-25
小米17Ultra,false,weibo,10,2025-12-25
网红曾因贩毒获刑还被强制戒毒,true,weibo,10,2025-12-26
燕云十六声,false,weibo,10,2025-12-26
王者荣耀,false,weibo,10,2025-12-26
淫秽的认定尺度,false,weibo,10,2025-12-26
超级实用的美甲出现了,false,weibo,10,2025-12-26
美杜莎舞台,false,weibo,10,2025-12-26
恋与深空兑换码,false,weibo,10,2025-12-26
人之初定档,false,weibo,10,2025-12-26
周深2025腾讯音乐榜年度歌手,false,weibo,10,2025-12-27
2026两会时间表,false,weibo,10,2025-12-27
樊振东说自己不会退役,false,weibo,10,2025-12-27
Creme后台怒怼Homme,false,weibo,10,2025-12-27
6名大学生坠落事故原因,true,weibo,10,2025-12-27
去封关后的海南被自己穷笑了,false,weibo,10,2025-12-27
王一博连吃饭都有小节目,false,weibo,10,2025-12-27
新能源车高速没电2人推车被撞身亡,true,weibo,10,2025-12-27
爱错,false,weibo,10,2025-12-27
走过2025我们都是主角,false,weibo,10,2025-12-27
一诺 希望拿大满贯,false,weibo,10,2025-12-27
朱孝天疑似明涵阿信,false,weibo,11,2025-12-25
网友偶遇被求婚后的金莎,false,weibo,11,2025-12-25
为什么会有体检报告焦虑,false,weibo,11,2025-12-25
一家五口驾车误入施工通道遇难,true,weibo,11,2025-12-25
朱孝天澄清声明,false,weibo,11,2025-12-25
朱孝天称因情绪失控发表失当言论,false,weibo,11,2025-12-26
张柏芝剖腹产回家身边没有人在,false,weibo,11,2025-12-26
和睦家医院回应女明星生产信息疑被泄露,false,weibo,11,2025-12-26
波司登取消了李宏毅的活动,false,weibo,11,2025-12-27
自杀银行女经理生前月薪五六万,false,weibo,11,2025-12-27
非遗市集艺探究竟,false,weibo,11,2025-12-27
新疆地震,false,weibo,11,2025-12-27
黄多多和狗狗拍照,false,weibo,12,2025-12-25
张若昀被路人误会失恋了,false,weibo,12,2025-12-25
怪奇物语,false,weibo,12,2025-12-25
穆祉丞还直播吗,false,weibo,12,2025-12-25
高市早苗,false,weibo,12,2025-12-26
苏新皓直拍,false,weibo,12,2025-12-26
小泡芙 女大十八变,false,weibo,12,2025-12-26
霍启刚郭晶晶一家逛街买奶茶,false,weibo,12,2025-12-26
中方奉劝纳瓦罗之流认真反思,false,weibo,12,2025-12-27
泰国与柬埔寨就停火问题签署联合声明,false,weibo,12,2025-12-27
在美国不穿西装有多严重,false,weibo,12,2025-12-27
长生,false,weibo,12,2025-12-27
贾乃亮被曝售假事件反转,false,weibo,13,2025-12-25
退圈十年顶流歌手再回归原因,false,weibo,13,2025-12-25
王一博 一生要出片的中国男人,false,weibo,13,2025-12-25
让张晚意心动的搭档终于出现,false,weibo,13,2025-12-25
晒出我的新年送礼好物清单,false,weibo,13,2025-12-25
iPhone18Pro左上角挖孔设计,false,weibo,13,2025-12-25
关晓彤 有着最勇敢的19岁,false,weibo,13,2025-12-25
大金确诊抑郁症,false,weibo,13,2025-12-25
演员王星女友说结婚需要物质准备,false,weibo,13,2025-12-25
NBA圣诞大战,false,weibo,13,2025-12-26
燕云十六声 抹胸,false,weibo,13,2025-12-26
女明星发微博求职,false,weibo,13,2025-12-26
赵丽颖小骨长成师尊了,false,weibo,13,2025-12-26
严浩翔金发生图,false,weibo,13,2025-12-26
蔡徐坤去看邓紫棋演唱会了,false,weibo,13,2025-12-26
曝赵樱子蒋毅求婚是剧本,false,weibo,13,2025-12-27
荣耀之战,false,weibo,13,2025-12-27
山东录用公务员前将核查网络言论,false,weibo,14,2025-12-25
南方人去一趟北方后对暖气祛魅了,false,weibo,14,2025-12-25
男子3年隔空猥亵40余名未成年人,false,weibo,14,2025-12-25
骄阳似我,false,weibo,14,2025-12-25
疑遇难学生家长称班主任该被判六年,true,weibo,14,2025-12-25
跑票,false,weibo,14,2025-12-26
2026央视跨年晚会官宣,false,weibo,14,2025-12-26
原来肖战思考得这么细,false,weibo,14,2025-12-26
11岁留守女童遭亲戚猥亵老人不追究,false,weibo,14,2025-12-27
花少摄影师发了99张北斗七行,false,weibo,14,2025-12-27
AG无缘挑杯决赛,false,weibo,14,2025-12-27
纪凌尘经纪人辟谣,false,weibo,15,2025-12-25
苹果,false,weibo,15,2025-12-25
卢昱晓畲族造型,false,weibo,15,2025-12-25
每天存82块一年就有三万块,false,weibo,15,2025-12-25
AI救我狗命,false,weibo,15,2025-12-25
不敢想中奖的我多快乐,false,weibo,15,2025-12-25
陈伟霆说被任达华点醒才来到内地,false,weibo,15,2025-12-25
苏新皓薄荷发,false,weibo,15,2025-12-25
贾霞老师,false,weibo,15,2025-12-25
央视曝光美妆背后的消费陷阱,true,weibo,15,2025-12-26
凯乐石牌羽绒服被曝新旧款差900元,true,weibo,15,2025-12-26
宁静吐槽刘晓庆刘嘉玲太虚伪,false,weibo,15,2025-12-26
赵丽颖反派碎梦仙君造型,false,weibo,15,2025-12-26
时代少年团新音舞台,false,weibo,15,2025-12-26
刘宇宁直播,false,weibo,15,2025-12-26
从何以琛到林屿森,false,weibo,15,2025-12-27
28岁确诊结肠癌晚期的真实感受,false,weibo,15,2025-12-27
广东汽车坠江致5死事件情况通报,false,weibo,15,2025-12-27
张昊唯被曝逃税涉黄最新进展,false,weibo,15,2025-12-27
何老师一年的工作光是听着就累了,false,weibo,15,2025-12-27
徐浩伦谭湘文掌管塑普的神,false,weibo,15,2025-12-27
橹穆 来自天堂的魔鬼,false,weibo,15,2025-12-27
AG剧透,false,weibo,15,2025-12-27
橹穆双人舞台,false,weibo,16,2025-12-25
2025年度升咖艺人,false,weibo,16,2025-12-25
李宏毅限高涉案金额1118万,false,weibo,16,2025-12-25
每天力量训练15分钟真的能抗衰,false,weibo,16,2025-12-25
何炅全年满档,false,weibo,16,2025-12-26
肖战ELLE销量,false,weibo,16,2025-12-26
父亲回应奶奶看孙女睡着狂扇巴掌,true,weibo,16,2025-12-26
严浩翔SHAKE舞台,false,weibo,16,2025-12-26
陈妍希老了还是沈佳宜,false,weibo,16,2025-12-26
赵丽颖杀青照嫩成这样,false,weibo,16,2025-12-27
货车出事故后被哄抢货物全部追回,true,weibo,16,2025-12-27
对不起巨型吊牌影响您穿上飞机,true,weibo,16,2025-12-27
十二月工资才是打工人的存款,false,weibo,16,2025-12-27
林屿森微博 私密转公开,false,weibo,16,2025-12-27
荣耀之战2026官宣澳门,false,weibo,16,2025-12-27
大帅,false,weibo,16,2025-12-27
强生爽身粉致癌案判赔女子约110亿元,true,weibo,17,2025-12-25
王者新皮肤,false,weibo,17,2025-12-25
原来小孩的喜欢在大人眼里这么明显,false,weibo,17,2025-12-25
男子一次性植入6个心脏支架后去世,true,weibo,17,2025-12-25
鲁豫对话刘旸松天硕,false,weibo,17,2025-12-25
李菲儿美成啥了,false,weibo,17,2025-12-25
字节120名员工因触犯红线被辞,true,weibo,17,2025-12-25
29岁女儿非亲生还被妻子起诉离婚,true,weibo,17,2025-12-26
王安宇参演飞驰人生3,false,weibo,17,2025-12-26
荣耀WIN年度电竞最夯机,false,weibo,17,2025-12-26
美人口占全球4%却供应了70%血浆,false,weibo,17,2025-12-26
智己五周年实现单月盈利,false,weibo,17,2025-12-26
王橹杰新音舞台,false,weibo,17,2025-12-26
保时捷门店总经理带头搬空展厅,true,weibo,17,2025-12-27
逍遥全阵容开播,false,weibo,17,2025-12-27
网红面包卖不动了,false,weibo,17,2025-12-27
6名大学生坠落4人被刑事强制,true,weibo,17,2025-12-27
谭松韵撞档谭松韵,false,weibo,17,2025-12-27
张柏芝香奈儿老了还是香奈儿,false,weibo,17,2025-12-27
终于理解了孩子拴住妈的感觉,false,weibo,17,2025-12-27
商家回应母乳融化宝妈索赔奶粉钱,true,weibo,17,2025-12-27
王橹杰发博,false,weibo,17,2025-12-27
宋威龙见面会,false,weibo,17,2025-12-27
黄朔直播,false,weibo,18,2025-12-25
建议别在东北cos尼克狐尼克,true,weibo,18,2025-12-25
土耳其出现近700个巨大天坑,true,weibo,18,2025-12-25
云南镇雄煤矿事故4人遇难,false,weibo,18,2025-12-25
李昀锐有四部待播剧,false,weibo,18,2025-12-25
紫燕百味鸡店员偷减牛肉被抓现行,true,weibo,18,2025-12-25
孟子义能抱起李昀锐了,false,weibo,18,2025-12-25
朱孝天举报五月天所属公司,false,weibo,18,2025-12-25
这部国漫让我猛猛摘抄金句,false,weibo,18,2025-12-25
2025年只上了9天班,true,weibo,18,2025-12-25
南昌人的心头好原来是这一口,false,weibo,18,2025-12-25
小学火灾事故宿舍平面图公布,true,weibo,18,2025-12-25
中方就TikTok将在美成立合资公司表态,false,weibo,18,2025-12-25
美国一人彩票中奖超127亿元,true,weibo,18,2025-12-25
蒋毅 赵樱子,false,weibo,18,2025-12-26
陈伟霆回应很大方官宣生子,false,weibo,18,2025-12-26
孟婆汤掺水好像越来越严重了,true,weibo,18,2025-12-26
玉茗茶骨定档,false,weibo,18,2025-12-26
千万粉丝网红重访打工旧地爆哭,false,weibo,18,2025-12-26
赵丽颖逍遥海报,false,weibo,18,2025-12-26
张柏芝在3分钟里对7个人做了告别,false,weibo,18,2025-12-26
年度夯机荣耀WIN价格真香,false,weibo,18,2025-12-26
王安宇竟然有160斤,false,weibo,18,2025-12-26
黄景瑜这辈子别想坐我车了,false,weibo,18,2025-12-27
刘宇宁称不进组与番位无关,false,weibo,18,2025-12-27
柬埔寨泰国正式停火,false,weibo,18,2025-12-27
双轨,false,weibo,18,2025-12-27
求职者未参加面试被人事骂没教养,true,weibo,18,2025-12-27
Gucci贵公子宋威龙,false,weibo,18,2025-12-27
花海退役也是1227,false,weibo,18,2025-12-27
微博年度报告,false,weibo,19,2025-12-25
黄子韬 鹿晗王鹤棣比我帅我认了,false,weibo,19,2025-12-25
法医解剖吸毒者心脏比普通人大一倍,true,weibo,19,2025-12-25
幼儿园虐童案一审宣判家长最新回应,true,weibo,19,2025-12-25
今天发红包的明星名单搞到了,false,weibo,19,2025-12-25
PEL集结夜路透,false,weibo,19,2025-12-25
王楚钦走路姿势,false,weibo,19,2025-12-25
中方不认同美方301调查的所谓结论,false,weibo,19,2025-12-25
一诺喊你来合拍,false,weibo,19,2025-12-25
小米17Ultra与徕卡版怎么选,false,weibo,19,2025-12-25
米家中央空调Pro双风轮,false,weibo,19,2025-12-25
WBG战胜BLG,false,weibo,19,2025-12-25
苗苗说郑恺长在观众泪点上,false,weibo,19,2025-12-26
陶晶莹建议朱孝天回应能冷静一点,false,weibo,19,2025-12-26
逍遥,false,weibo,19,2025-12-26
问界M9上市两周年交付超26万台,false,weibo,19,2025-12-26
荣耀官宣签约三角洲职业联赛,false,weibo,19,2025-12-26
老公被判6个月闺蜜无罪原配上诉,true,weibo,19,2025-12-26
宋亚轩新音whoknows舞台,false,weibo,19,2025-12-26
指导老师回应本科生连发40多篇SCI,true,weibo,19,2025-12-26
韩束,false,weibo,19,2025-12-27
陈哲远问王安宇为什么叫大将军,false,weibo,19,2025-12-27
千万粉丝网红谈被父母PUA,false,weibo,19,2025-12-27
吴彦祖开箱小米17Ultra徕卡版,false,weibo,19,2025-12-27
刘嘉玲一说女朋友6个男人沉默了,false,weibo,19,2025-12-27
逍遥开播反响,false,weibo,19,2025-12-27
肖战说爱你老己就是对自己好,false,weibo,19,2025-12-27
朱志鑫直拍,false,weibo,19,2025-12-27
这笔门诊预交金记得去退,false,weibo,19,2025-12-27
单依纯公开承认自己有表达障碍,false,weibo,19,2025-12-27
女生熬夜加班血糖飙升进ICU抢救,true,weibo,19,2025-12-27
爱吃酱香饼的人天塌了,false,weibo,20,2025-12-25
一包薯片的含金量,false,weibo,20,2025-12-25
詹杜第44次对决,false,weibo,20,2025-12-25
奥迪E5你的全能搭子,false,weibo,20,2025-12-25
钎城红衣节日氛围感,false,weibo,20,2025-12-25
小米17Ultra徕卡版价格,false,weibo,20,2025-12-25
京东买药骑手给同行送温水圈粉,false,weibo,20,2025-12-25
紫燕道歉,true,weibo,20,2025-12-25
女子宫外孕被当流产治疗,true,weibo,20,2025-12-25
当希林娜依高遇见AI,false,weibo,20,2025-12-25
952名缅甸涉电诈嫌犯被押解回国,false,weibo,20,2025-12-25
明星集体发红包是过节吗,false,weibo,20,2025-12-25
WB战胜破军,false,weibo,20,2025-12-25
A股跳水,false,weibo,20,2025-12-26
便利店调酒怎么又火了,false,weibo,20,2025-12-26
少调休多放假让国人从容过春节,false,weibo,20,2025-12-26
日本民众高喊高市内阁要知廉耻,false,weibo,20,2025-12-26
深圳大学2比2上海龙腾,false,weibo,20,2025-12-26
霸王茶姬回应咖啡因,true,weibo,20,2025-12-26
LV客服称新鞋可先穿袜子磨合,true,weibo,20,2025-12-26
女子彻夜充电致全身70%烧伤,true,weibo,20,2025-12-26
期待多放假少调休成为节假日常态,false,weibo,20,2025-12-26
全国多家博物馆闭馆,false,weibo,20,2025-12-26
朱志鑫苏新皓ON双人舞,false,weibo,20,2025-12-26
白宫发言人与60岁丈夫宣布怀孕,false,weibo,20,2025-12-27
50万黄金无人领民警电话被打爆,true,weibo,20,2025-12-27
燕云十六声现状我鸟都不鸟你,false,weibo,20,2025-12-27
基辅遭俄军大规模空袭,false,weibo,20,2025-12-27
虐泉,false,weibo,20,2025-12-27
曝男顶流拍戏受伤,false,weibo,21,2025-12-25
恋与深空,false,weibo,21,2025-12-25
陈晓的腰,false,weibo,21,2025-12-25
冬天的快乐是冰雪给的,false,weibo,21,2025-12-25
蒋毅向赵樱子求婚,false,weibo,21,2025-12-25
小英胖了10斤,false,weibo,21,2025-12-26
燕云情趣内衣外国人都看不下去了,false,weibo,21,2025-12-26
宋威龙 我让你挑,false,weibo,21,2025-12-26
AG确定挑杯四强,false,weibo,21,2025-12-26
张真源牙钻这次够清晰了,false,weibo,21,2025-12-27
专家称老年人的性需求长期被忽视,false,weibo,21,2025-12-27
黄一鸣分手了,false,weibo,21,2025-12-27
邵子恒走光了,false,weibo,21,2025-12-27
AG对战Hero,false,weibo,21,2025-12-27
穆橹好伟大的ending,false,weibo,21,2025-12-27
李逗逗黑脸百灵鸟,false,weibo,21,2025-12-27
487 潇潇,false,weibo,21,2025-12-27
孙丞潇冰岛求婚金莎,false,weibo,22,2025-12-25
卢昱晓给朋友当伴娘,false,weibo,22,2025-12-25
美国暂缓对华芯片加征额外关税,false,weibo,22,2025-12-25
短剧女演员拍戏间隙被男演员甩巴掌,false,weibo,22,2025-12-25
李宏毅工作室发说明,false,weibo,22,2025-12-25
陈妍希9岁儿子正脸照,false,weibo,22,2025-12-25
吉林62岁女子怀孕,true,weibo,22,2025-12-26
一万块钱让你元旦加班,true,weibo,22,2025-12-26
电影四渡官宣,false,weibo,22,2025-12-26
赵默笙你怎么跟路远风跑了,false,weibo,22,2025-12-26
王星越跨晚穿搭骐骥红,false,weibo,22,2025-12-26
李煜东 大家期待一下舞台吧,false,weibo,22,2025-12-26
李宏毅直播,false,weibo,22,2025-12-26
周大福牛马吊坠为何被批,true,weibo,22,2025-12-27
赵丽颖惊鸿一瞥画中仙,false,weibo,22,2025-12-27
结婚的好处只有幸福的人说得出来,false,weibo,22,2025-12-27
周也早期穿搭,false,weibo,22,2025-12-27
熬夜老外被中医折服的一天,false,weibo,22,2025-12-27
挣着2W工资冒着10W风险,false,weibo,22,2025-12-27
上海地产0比3山东魏桥,false,weibo,22,2025-12-27
公积金贷款利率调整表,false,weibo,22,2025-12-27
第五瓜格,false,weibo,22,2025-12-27
朱志鑫苏新皓跳了卡点舞,false,weibo,23,2025-12-25
TVB女演员钟丽淇女儿患罕见病,false,weibo,23,2025-12-25
黄荷娜吸毒史长达十余年,false,weibo,23,2025-12-25
黄荷娜被曝为电诈园区洗钱贩毒,false,weibo,23,2025-12-25
本科生一年发40多篇论文是否有猫腻,false,weibo,23,2025-12-25
对不起周柯宇 是陈靖可先来的,false,weibo,23,2025-12-25
春节前后离职对比,true,weibo,23,2025-12-25
梁淞 你的钱还不是我付的,false,weibo,23,2025-12-25
曝内娱大咖弃养私生子,false,weibo,23,2025-12-25
美国流浪女孩12岁吸毒被赶出家门,false,weibo,23,2025-12-25
谢淮安和铁秣王同归于尽,false,weibo,23,2025-12-25
女子穿LV鞋10分钟致脚伤退款遭拒,true,weibo,23,2025-12-26
肖战杂志,false,weibo,23,2025-12-26
今年上班出勤率99%,false,weibo,23,2025-12-26
林依轮 林屿森我第一集就帮你了,false,weibo,23,2025-12-26
柯淳没拿到白玉兰拿到了红玉兰,false,weibo,23,2025-12-26
新音直播吗,false,weibo,23,2025-12-26
张桂源在休息室碰见了一只壁虎,false,weibo,23,2025-12-26
曝陈宥维拼多多给女友买穿戴甲,false,weibo,23,2025-12-26
早餐店汤里死老鼠脚已熬得发白,true,weibo,23,2025-12-26
R1SE结婚的就是比没结的成熟,false,weibo,23,2025-12-26
左奇函daddy级别,false,weibo,23,2025-12-26
羽绒服和棉服到底哪个更值得买,false,weibo,23,2025-12-27
6名大学生坠落中金被罚149.9万元,true,weibo,23,2025-12-27
原来红薯是一窝一窝的,false,weibo,23,2025-12-27
2025谭松韵韵光同行见面会,false,weibo,23,2025-12-27
单依纯全专试听,false,weibo,23,2025-12-27
AG超玩会 BP,false,weibo,23,2025-12-27
一斤油一斤半面粉,false,weibo,24,2025-12-25
只要保持一个月十点之前睡觉,false,weibo,24,2025-12-25
台湾机车车牌是台湾省,false,weibo,24,2025-12-25
韩国军演日本抗议,false,weibo,24,2025-12-25
曝杜克恋情,false,weibo,24,2025-12-25
建议大家千万不要一边做一边怀疑,false,weibo,24,2025-12-25
罗永浩谈论重新出山造手机,false,weibo,24,2025-12-25
普通人就该这么活吗,false,weibo,24,2025-12-25
白鹿 小舅妈变小妹妹,false,weibo,24,2025-12-25
周深 蒸蚌,false,weibo,24,2025-12-25
新音妆造,false,weibo,24,2025-12-25
骄阳似我 甜,false,weibo,24,2025-12-25
李宏毅声明,false,weibo,24,2025-12-26
那英肖战合唱跟着感觉走,false,weibo,24,2025-12-26
肖战ELLE开年刊,false,weibo,24,2025-12-26
李施嬅想到分开就觉得很痛,false,weibo,24,2025-12-26
周也王子奇杀青照,false,weibo,24,2025-12-26
燕云十六声回应被指低俗,false,weibo,24,2025-12-26
李锐谈离开湖南卫视做飞行汽车原因,false,weibo,24,2025-12-26
TF家族新音,false,weibo,24,2025-12-26
王赫野抱着徐志胜内裤睡觉,false,weibo,24,2025-12-26
吴磊直播,false,weibo,24,2025-12-26
王橹杰新音舞台状态,false,weibo,24,2025-12-26
一汽奥迪全面迎来智能化,false,weibo,24,2025-12-26
王橹杰滑跪,false,weibo,24,2025-12-26
一诺微博直播,false,weibo,24,2025-12-26
陈奕恒大屏怼脸生图,false,weibo,24,2025-12-27
查理苏,false,weibo,24,2025-12-27
顾漫还是牛,false,weibo,24,2025-12-27
王橹杰穆祉丞美杜莎双人cut,false,weibo,24,2025-12-27
双胞胎宝妈冻母乳全化了索赔冰柜方,true,weibo,24,2025-12-27
人之初云包场,false,weibo,24,2025-12-27
沈梦辰主持功力一直在被低估,false,weibo,24,2025-12-27
我拍到了锤娜丽莎减肥的证据,false,weibo,24,2025-12-27
王晶说肖战戏路很窄,false,weibo,24,2025-12-27
朱志鑫金短发,false,weibo,24,2025-12-27
王晶认为肖战经纪人要会挑剧本,false,weibo,24,2025-12-27
跨年演唱会,false,weibo,25,2025-12-25
泰军在柬赌场发现瘦脱相狮子黑熊,false,weibo,25,2025-12-25
金莎回应被求婚,false,weibo,25,2025-12-25
曝男顶流拍戏鼻骨折,false,weibo,25,2025-12-25
白银,false,weibo,25,2025-12-25
张柏芝捏小儿子脚,false,weibo,25,2025-12-25
王赫野签约理由居然是离机场近,false,weibo,25,2025-12-25
李宏毅 限高,false,weibo,25,2025-12-25
第一次吃生腌虾悄悄用热水烫熟了,true,weibo,25,2025-12-25
孙颖莎的2025数据流报告,false,weibo,25,2025-12-25
再见爱人5,false,weibo,25,2025-12-25
影视飓风Tim追极光,false,weibo,25,2025-12-25
分享一个变强的顶级心态,false,weibo,25,2025-12-25
时代少年团纪录片,false,weibo,25,2025-12-26
爸爸一怒之下怒了一下,false,weibo,25,2025-12-26
朱志鑫你倒是睡了,false,weibo,25,2025-12-26
王橹杰 皮裤,false,weibo,25,2025-12-26
毛泽东号司机每天擦拭主席像,false,weibo,25,2025-12-26
字节跳动通报120名员工被辞,true,weibo,25,2025-12-26
孙颖莎回应不参加乒超总决赛,false,weibo,25,2025-12-26
以你的名义捐一件冬衣,false,weibo,25,2025-12-26
疑似汪苏泷音综尺度最大的一集,false,weibo,25,2025-12-26
有精神健康风险的药不止孟鲁司特钠,false,weibo,25,2025-12-26
向佐线下长这样,false,weibo,25,2025-12-26
央视曝光韩束面膜添加违禁成分,true,weibo,25,2025-12-26
沈佳润高耳位,false,weibo,25,2025-12-26
丁程鑫红发皮衣杀疯了,false,weibo,25,2025-12-26
朱志鑫扭胯领域绝对的统治区,false,weibo,25,2025-12-26
海男爆料张凯毅,false,weibo,25,2025-12-27
苏新皓少年漫大男主,false,weibo,25,2025-12-27
现在就出发3,false,weibo,25,2025-12-27
邓恩熙也去新音了,false,weibo,25,2025-12-27
王丽坤现状,false,weibo,25,2025-12-27
白鹿解锁拖鞋手机壳的另一种用法,false,weibo,25,2025-12-27
黄晓明 我再也不做烂好人了,false,weibo,25,2025-12-27
孟鲁司特临床上存过度使用问题,false,weibo,25,2025-12-27
王者荣耀挑战者杯,false,weibo,25,2025-12-27
谁来教教宋威龙怎么戴脸链,false,weibo,25,2025-12-27
zwyns教练,false,weibo,25,2025-12-27
zwy 庄周,false,weibo,25,2025-12-27
高端餐厅要价12000的辣椒炒牛,true,weibo,26,2025-12-25
阚清子,false,weibo,26,2025-12-25
这就是心脏支架,false,weibo,26,2025-12-25
油腻感的正确打开方式,false,weibo,26,2025-12-25
剑来2携nova15本命机缘高燃回归,false,weibo,26,2025-12-25
一地解聘9名无故旷工在编人员,true,weibo,26,2025-12-25
方圆为copy杨颖定制造型道歉,false,weibo,26,2025-12-25
宁艺卓露腰礼服,false,weibo,26,2025-12-25
这就是理想的婚姻生活吧,false,weibo,26,2025-12-25
刘德华为一件事过万重山,false,weibo,26,2025-12-25
原来短剧的观众偷偷吃这么好,false,weibo,26,2025-12-25
骄阳似我10集封神,false,weibo,26,2025-12-25
时代少年团爱你爱我爱我们,false,weibo,26,2025-12-25
小米17Ultra烟花模式,false,weibo,26,2025-12-25
黄景瑜真连上网了,false,weibo,26,2025-12-25
黄荷娜曾和朴有天吸毒被拘留,false,weibo,26,2025-12-26
卢伟冰发布会口误,false,weibo,26,2025-12-26
金莎曾说女大19天长地久,false,weibo,26,2025-12-26
唐诡2025年最后一案来了,false,weibo,26,2025-12-26
赵丽颖眼中的李秋萍,false,weibo,26,2025-12-26
红舞鞋单独官宣王子奇,false,weibo,26,2025-12-26
一诺庆生照,false,weibo,26,2025-12-26
安徽小伙辍学卖馒头今年已赚13亿,true,weibo,26,2025-12-26
苏新皓好韩,false,weibo,26,2025-12-26
新音节目单,false,weibo,26,2025-12-26
马嘉祺被摸喉结这一下,false,weibo,26,2025-12-26
骄阳似我 上头,false,weibo,26,2025-12-27
内娱少有的文艺美人,false,weibo,26,2025-12-27
张桂源一直在勾引,false,weibo,26,2025-12-27
贺峻霖五年前的愿望实现了,false,weibo,26,2025-12-27
红果果绿泡泡发文引发网友回忆杀,false,weibo,26,2025-12-27
王一博做客礼数这一块,false,weibo,26,2025-12-27
王鹤棣问黄子韬结了婚真的会幸福肥吗,false,weibo,26,2025-12-27
银行回应取300元少5元,true,weibo,26,2025-12-27
黄子韬居然胖到180斤了,false,weibo,26,2025-12-27
被银行女经理转走78万当事人发声,true,weibo,26,2025-12-27
燕云十六声情趣内衣,false,weibo,26,2025-12-27
张昊唯回应胜诉,false,weibo,26,2025-12-27
苹果烤奶,false,weibo,26,2025-12-27
王星自曝在缅甸手机被人拿走刷网贷,false,weibo,26,2025-12-27
橘子全身都是散结节的宝,false,weibo,26,2025-12-27
永州夺冠,false,weibo,26,2025-12-27
橹穆来自天堂的魔鬼舞台彩排,false,weibo,27,2025-12-25
第八集吻上宋威龙了,false,weibo,27,2025-12-25
美国斩杀线的另一个名字叫资本主义,false,weibo,27,2025-12-25
支付宝有人转三千到我的账号,false,weibo,27,2025-12-25
nova15系列开售人人我人人,false,weibo,27,2025-12-25
夫妻俩虚假报名758次公务员考试获刑,true,weibo,27,2025-12-25
蓝盈莹夸卢昱晓畲族写真好看,false,weibo,27,2025-12-25
58岁贾国龙第一次知道什么叫老登,false,weibo,27,2025-12-25
大唐双姝也是吴磊的青梅竹马,false,weibo,27,2025-12-25
聂曦光衣品,false,weibo,27,2025-12-25
骄阳似我OST,false,weibo,27,2025-12-26
比瑶妹更适合马可的辅助,false,weibo,27,2025-12-26
刘宇宁没带串儿就盘自己,false,weibo,27,2025-12-26
王传君一拜佛就知道要干啥,false,weibo,27,2025-12-26
泽连斯基碰瓷中国,false,weibo,27,2025-12-26
LV回应女子穿10分钟新鞋双脚受伤,true,weibo,27,2025-12-26
王楚钦开幕式宣誓,false,weibo,27,2025-12-26
王一博超级不喜欢被人看的感觉,false,weibo,27,2025-12-26
掘金战胜森林狼,false,weibo,27,2025-12-26
严浩翔 爱的最高境界是心疼,false,weibo,27,2025-12-26
陈哲远只有110多斤,false,weibo,27,2025-12-26
马嘉祺夜访吸血鬼新音舞台,false,weibo,27,2025-12-26
从你看金莎到你看看人家金莎,false,weibo,27,2025-12-26
郭晓婷美成啥了,false,weibo,27,2025-12-26
赵今麦剪刀手,false,weibo,27,2025-12-26
做美甲前vs做美甲后,false,weibo,27,2025-12-27
TF四代新音饭拍,false,weibo,27,2025-12-27
浙江卫视跨年晚会,false,weibo,27,2025-12-27
华为悬赏300万元求解AI难题,false,weibo,27,2025-12-27
狗狗拉练高速跑时突然原地石化,false,weibo,27,2025-12-27
宋威龙打完暑假工又来打寒假工,false,weibo,27,2025-12-27
赵丽颖古装,false,weibo,27,2025-12-27
早点发律师函,false,weibo,27,2025-12-27
肖战喜欢爱你老己这个梗,false,weibo,27,2025-12-27
身体炎症水平高不高看4点,false,weibo,27,2025-12-27
谈了几年的男朋友第一次见家长,false,weibo,27,2025-12-27
男子为赚8000元帮人骗保身亡,true,weibo,27,2025-12-27
网传恋人明天空降,false,weibo,27,2025-12-27
情侣间发送亲密照片没有社会危害性,false,weibo,28,2025-12-25
何与海外是真的火了,false,weibo,28,2025-12-25
长津湖,false,weibo,28,2025-12-25
白鹿让我研究研究这个阶梯,false,weibo,28,2025-12-25
老师上课打电话被认定为教学事故,true,weibo,28,2025-12-25
谭松韵别演了我害怕,false,weibo,28,2025-12-25
微博非遗盛典首位AI员工上岗,false,weibo,28,2025-12-25
SBS,false,weibo,28,2025-12-25
日本开始碰瓷中国和美国了,false,weibo,28,2025-12-25
SBS歌谣大战,false,weibo,28,2025-12-25
微博抢红包上头了,false,weibo,28,2025-12-25
南博称金兽短期内不会再次展出,false,weibo,28,2025-12-25
王玉雯白宇看得我提心吊胆的,false,weibo,28,2025-12-25
赵今麦新剧心软的神来了,false,weibo,28,2025-12-25
三门峡一教师职称评审公示引质疑,true,weibo,28,2025-12-25
原来真的有人能一直爱一个人啊,false,weibo,28,2025-12-26
奶茶中的咖啡因含量比咖啡更高,false,weibo,28,2025-12-26
赵丽颖小城大事妆造,false,weibo,28,2025-12-26
约基奇超豪华三双,false,weibo,28,2025-12-26
雪豹心脏停跳40分钟无人停止抢救,false,weibo,28,2025-12-26
天禧AI从助手到队友,false,weibo,28,2025-12-26
朱志鑫张桂源双A舞台,false,weibo,28,2025-12-26
刘耀文满分薄肌男,false,weibo,28,2025-12-26
陈哲远老吃家低语,false,weibo,28,2025-12-26
杨博文幻梦都破碎返场,false,weibo,28,2025-12-26
王曼昱3比1李雅可,false,weibo,28,2025-12-26
燕云玩家希望谭晶慎重考虑合作,false,weibo,28,2025-12-27
恋与深空云游戏公测,false,weibo,28,2025-12-27
父亲被微塑料污染孩子或遭殃,false,weibo,28,2025-12-27
陈浚铭完全小手办,false,weibo,28,2025-12-27
刘奕铁 张艺谋辛爽严选,false,weibo,28,2025-12-27
刘旸从月薪150干到年薪百万,false,weibo,28,2025-12-27
吴磊听到粉丝说外卖被偷了的反应,false,weibo,28,2025-12-27
庆余年3不用换人了,false,weibo,28,2025-12-27
南有张凌赫 北有宋威龙,false,weibo,28,2025-12-27
宋威龙 硬帅,false,weibo,28,2025-12-27
余茵被陌生男性当面辱骂,false,weibo,28,2025-12-27
云南严肃追责问责16名厅级干部,false,weibo,28,2025-12-27
张函瑞黄昏晓,false,weibo,28,2025-12-27
长期如厕刷手机20岁女生盆底已60岁,false,weibo,28,2025-12-27
杨博文这句yeah唱爽了,false,weibo,28,2025-12-27
深博一件我一件,false,weibo,28,2025-12-27
周杰伦昆凌情侣装合照,false,weibo,29,2025-12-25
王俊凯上班主理人,false,weibo,29,2025-12-25
金莎孙丞潇狙击蝴蝶照进现实,false,weibo,29,2025-12-25
重庆姐弟坠亡案妈妈近况,true,weibo,29,2025-12-25
王子奇道歉,false,weibo,29,2025-12-25
迪丽热巴星光人物唯一高位女性,false,weibo,29,2025-12-25
花599买羽绒服出店剪开全是飞丝,true,weibo,29,2025-12-25
侯明昊新剧后天开播,false,weibo,29,2025-12-25
陈建斌第一次进真的养心殿,false,weibo,29,2025-12-25
辛苦了老己奖励你吃顿小夜宵,false,weibo,29,2025-12-25
外籍猩猩到中国半年被喂到360斤,true,weibo,29,2025-12-25
工作室称李宏毅目前经济能力不足,false,weibo,29,2025-12-25
你担喊你抢红包啦,false,weibo,29,2025-12-25
破军巅峰对决WB,false,weibo,29,2025-12-25
每天穿破羽绒服超12小时确诊羽绒肺,false,weibo,29,2025-12-26
欧洲没有美国那样的斩杀线,false,weibo,29,2025-12-26
一年制硕士成中产家庭标配,false,weibo,29,2025-12-26
陈都灵张凌赫cp感,false,weibo,29,2025-12-26
燕云十六声被指低俗情趣内衣,false,weibo,29,2025-12-26
谭维维40种乐器重新演绎向山野,false,weibo,29,2025-12-26
方圆说箍牙是最好的医美,false,weibo,29,2025-12-26
被黄子弘凡夸夸啦,false,weibo,29,2025-12-26
赵丽颖回应出演逍遥,false,weibo,29,2025-12-26
一条vlog回顾2025,false,weibo,29,2025-12-26
冯建宇直播,false,weibo,29,2025-12-26
吴磊 饭在嘴里又炒了一遍,false,weibo,29,2025-12-26
菲律宾在我南海造假摆拍被抓包,false,weibo,29,2025-12-26
宋威龙演技,false,weibo,29,2025-12-27
苏新皓神图像面线一样繁殖,false,weibo,29,2025-12-27
曝王丽坤前夫詹浩礼被判无期徒刑,false,weibo,29,2025-12-27
王橹杰滑跪穆祉丞摸喉结,false,weibo,29,2025-12-27
顾漫五部小说改编五部影视爆款,false,weibo,29,2025-12-27
这张迪丽热巴说是科幻片我都信,false,weibo,29,2025-12-27
金晨预定飞驰人生4女一号,false,weibo,29,2025-12-27
孟子义的钝感力是顶级自洽,false,weibo,29,2025-12-27
突然就理解了漂亮饭的意义,false,weibo,29,2025-12-27
女子发现接触两根手指能调整呼吸,false,weibo,29,2025-12-27
新音,false,weibo,29,2025-12-27
被拐演员王星和女友首次合体访问,false,weibo,29,2025-12-27
老人感染艾滋病多与商业性行为有关,false,weibo,29,2025-12-27
香港桥底命案被捕人数增至27人,false,weibo,29,2025-12-27
心疼轩染,false,weibo,29,2025-12-27
贾霞老师58岁了,false,weibo,30,2025-12-25
我们的明天,false,weibo,30,2025-12-25
落空直播,false,weibo,30,2025-12-25
人之初,false,weibo,30,2025-12-25
斩杀线,false,weibo,30,2025-12-25
剑来,false,weibo,30,2025-12-25
王橹杰穆祉丞摸头,false,weibo,30,2025-12-25
周深和我爸妈追同一个cp,false,weibo,30,2025-12-25
预制菜风波后贾国龙靠吃安眠药入睡,false,weibo,30,2025-12-25
2026年春节将放假九天,false,weibo,30,2025-12-25
2人带30000多粒含冰毒减肥药入境,false,weibo,30,2025-12-25
爱你老己今天领红包,false,weibo,30,2025-12-25
宿管员老师贾某承认存在疏忽大意,false,weibo,30,2025-12-25
绍兴地铁深夜撞人事件调查报告,false,weibo,30,2025-12-25
在京东面试了四个半月45场最终被留用,true,weibo,30,2025-12-25
日本丰臣秀吉雕像被斩首后续,false,weibo,30,2025-12-25
宋威龙张凌赫 一个给老自一个给老己,false,weibo,30,2025-12-26
毛泽东同志诞辰132周年,false,weibo,30,2025-12-26
医生眼里最喜欢的动作,false,weibo,30,2025-12-26
享界让豪华轿车市场四分天下,false,weibo,30,2025-12-26
40万元黄金到期无人认领将上缴国库,true,weibo,30,2025-12-26
周大福牛马吊坠被指阴阳打工人,true,weibo,30,2025-12-26
长白山云顶天宫今日对外开放,false,weibo,30,2025-12-26
燕云十六声曾表示不搞女性擦边,false,weibo,30,2025-12-26
剑来2的4K在考验我的设备,false,weibo,30,2025-12-26
女子补办他人身份证转走600多万,true,weibo,30,2025-12-26
韦雪和秦奋的儿子这么大了,false,weibo,30,2025-12-26
自查身份证是否被他人绑定,false,weibo,30,2025-12-26
12人向微信好友转发淫秽视频获刑,false,weibo,30,2025-12-26
近1年关了87658家面包店,false,weibo,30,2025-12-26
骄阳似我我让你挑,false,weibo,30,2025-12-27
北京地铁颜色快不够用了,false,weibo,30,2025-12-27
双汇客服回应网购火腿肠有老鼠粪便,true,weibo,30,2025-12-27
石宇奇孙颖莎等2025中国十佳运动员,false,weibo,30,2025-12-27
身体有慢性炎症时多吃这些水果,false,weibo,30,2025-12-27
金饰价格突破1400元黄金回收遇冷,false,weibo,30,2025-12-27
美国人承认斩杀线存在,false,weibo,30,2025-12-27
白鹿顶级过肺,false,weibo,30,2025-12-27
知名女星前夫詹某某道歉,false,weibo,30,2025-12-27
2男子打架先动手罚100还手却拘3天,true,weibo,30,2025-12-27
林昀儒3比0孙正,false,weibo,30,2025-12-27
泰国孕妇杀害与丈夫开房女子赔19万,true,weibo,30,2025-12-27
穆祉丞王橹杰剑客琴师,false,weibo,30,2025-12-27
钟意状态,false,weibo,30,2025-12-27
WB晋级挑杯胜者组决赛,false,douyin,1,2025-12-25
中方对美连发“三个停止”警告,false,douyin,1,2025-12-26
湘超决赛永州夺冠,false,douyin,1,2025-12-27
我们的2025年终总结,false,douyin,2,2025-12-25
来徽州感受辛弃疾笔下的鱼龙舞,false,douyin,2,2025-12-25
大圆哥是真的真的动了情,false,douyin,2,2025-12-25
沙特空袭也门,false,douyin,2,2025-12-26
吴艳妮回应比赛化妆,false,douyin,2,2025-12-27
我看见了河南普通人的生活,false,douyin,2,2025-12-27
住建部：着力稳定房地产市场,false,douyin,3,2025-12-25
十大国内国际科技新闻,false,douyin,3,2025-12-25
冰雪微笑曲线,false,douyin,3,2025-12-25
全国耕地灌溉面积已超过10.9亿亩,false,douyin,3,2025-12-25
中国高铁营业里程突破5万公里,false,douyin,3,2025-12-26
前行：我们的2025,false,douyin,3,2025-12-26
引导金融资本投长期投硬科技,false,douyin,3,2025-12-27
财政部等四部门加力支持就业创业,false,douyin,3,2025-12-27
2026出行大礼包来了,false,douyin,3,2025-12-27
罚罪2开播,false,douyin,4,2025-12-25
中方制裁20家美国军工企业,false,douyin,4,2025-12-26
哈基米牌关灯神器教程来啦,false,douyin,4,2025-12-27
晒晒我的2025年度好书,false,douyin,5,2025-12-25
各地文旅弹谷子,false,douyin,5,2025-12-25
2025乒超联赛总决赛,false,douyin,5,2025-12-26
节气里的大美中国,false,douyin,5,2025-12-26
当豆包教我打扮,false,douyin,5,2025-12-27
山药挖到了地宫也建好了,false,douyin,6,2025-12-25
JDG战胜BLG,false,douyin,6,2025-12-25
用作文回顾我的2025,false,douyin,6,2025-12-25
网警：这种“转卖”行为侵犯个人信息,false,douyin,6,2025-12-26
我和它的365件小事,false,douyin,6,2025-12-26
逍遥开播,false,douyin,6,2025-12-27
同心共韵新年音乐会精彩上演,false,douyin,6,2025-12-27
2025我的游戏二次元回顾,false,douyin,7,2025-12-25
白银疯涨背后的投资风险,false,douyin,7,2025-12-25
通过水利工程看大国智慧,false,douyin,7,2025-12-25
电视剧逍遥官宣赵丽颖,false,douyin,7,2025-12-26
哥请个假都这么有创意,false,douyin,7,2025-12-27
一代人有一代人的DJ,false,douyin,8,2025-12-25
光遇宴会节上线,false,douyin,8,2025-12-25
核爆受害者团体抗议日本拥核言论,false,douyin,8,2025-12-25
小米17 Ultra价格6999元起,false,douyin,8,2025-12-25
小米17 Ultra支持在iPhone上操控,false,douyin,8,2025-12-26
期末战战战我杀杀杀,false,douyin,8,2025-12-26
我的2025年度关键词,false,douyin,8,2025-12-27
广厦男篮大胜辽宁,false,douyin,9,2025-12-25
TF家族新年音乐会,false,douyin,9,2025-12-26
这是你们说的威姆斯吗,false,douyin,9,2025-12-27
找到了赵今麦是朱迪塑的证据,false,douyin,10,2025-12-25
超近距离感受福建舰电磁弹射,false,douyin,10,2025-12-25
台湾台东县5.8级地震,false,douyin,10,2025-12-25
媒体称鉴定贾乃亮售假机构无资质,false,douyin,10,2025-12-25
哥大博士预言人会爱上机器人,false,douyin,10,2025-12-25
长安二十四计大结局,false,douyin,10,2025-12-25
蹭饭书记董桂林说离开范庄很不舍,false,douyin,10,2025-12-26
创作这一年值得讲讲,false,douyin,10,2025-12-26
人大外国教授为何给自己取名国强,false,douyin,10,2025-12-26
幼儿园“打工仔”已就位,false,douyin,10,2025-12-27
这是宇宙对我2026的剧透,false,douyin,10,2025-12-27
云南BIGBANG跨年路透藏不住了,false,douyin,11,2025-12-25
唐日辉陈泽文战胜张智扬许涛,false,douyin,11,2025-12-25
盘点2025年抖音手搓大神,false,douyin,11,2025-12-25
荒野钓鱼大赛钓到鱼了吗,false,douyin,11,2025-12-25
RW晋级挑杯胜者组决赛,false,douyin,11,2025-12-25
CBA广东击败山东,false,douyin,11,2025-12-26
为什么我女朋友这么美,false,douyin,11,2025-12-27
官方正式回应“吸毒记录封存”,false,douyin,12,2025-12-25
张桂梅卸任华坪女高校长为谣言,false,douyin,12,2025-12-25
陈书平任成都市代市长,false,douyin,12,2025-12-25
官方回应城管推倒老人,false,douyin,12,2025-12-25
故宫北院区玩转硬核配置,false,douyin,12,2025-12-26
抖音上线长图文功能,false,douyin,12,2025-12-26
螃蟹靠激素催肥系谣言,false,douyin,12,2025-12-27
用老舅打开90年代的东北,false,douyin,13,2025-12-25
剑来动画第二季开播,false,douyin,13,2025-12-25
邓紫棋广州演唱会,false,douyin,13,2025-12-26
混子哥透露半年涨粉千万秘籍,false,douyin,13,2025-12-27
欧盟警告反制美国,false,douyin,14,2025-12-25
詹姆斯vs杜兰特7万分历史对决,false,douyin,14,2025-12-26
石宇奇晋级天王杯四强,false,douyin,14,2025-12-26
缅甸494栋涉赌诈建筑被拆除,false,douyin,14,2025-12-26
看到骄阳似我庄序我就这样,false,douyin,14,2025-12-27
老舅回国开启新副本,false,douyin,15,2025-12-25
14国联合声明谴责以色列,false,douyin,15,2025-12-25
火箭119:96大胜湖人,false,douyin,15,2025-12-26
第一次感觉诺贝尔奖离我很近,false,douyin,15,2025-12-26
胡锡进谈南京博物院事件,false,douyin,15,2025-12-26
透过笔迹测你是恩格斯还是马克思,false,douyin,15,2025-12-27
王橹杰跳舞好有高级感,false,douyin,15,2025-12-27
孔德京战胜陈思明夺冠,false,douyin,16,2025-12-25
晒出新年开运三件套,false,douyin,16,2025-12-25
李宏毅被限制高消费,false,douyin,16,2025-12-25
孙颖莎缺席乒超总决赛,false,douyin,16,2025-12-26
影视飓风抖音粉丝破千万,false,douyin,16,2025-12-26
听说派克服又流行回来了,false,douyin,16,2025-12-27
怎么2025癫得像做梦,false,douyin,16,2025-12-27
潘玮柏王心凌新歌超甜合唱,false,douyin,16,2025-12-27
抖音搜索年度报告,false,douyin,17,2025-12-25
骄阳似我 爱从心疼开始,false,douyin,17,2025-12-25
上海男篮84:68轻取江苏,false,douyin,17,2025-12-26
盘点2025大国重器高燃瞬间,false,douyin,17,2025-12-26
良田查账300万见证善意落地生根,false,douyin,17,2025-12-26
马斯克最新身家7519亿美元,false,douyin,17,2025-12-27
电视剧老舅大结局,false,douyin,17,2025-12-27
经纪公司回应李凯尔国籍问题,false,douyin,18,2025-12-25
2025为自己喝彩,false,douyin,18,2025-12-25
小心点我的座驾会变身,false,douyin,18,2025-12-25
爱你老梗明年见,false,douyin,18,2025-12-26
我和老己的2026约定,false,douyin,18,2025-12-27
闺蜜重聚拍这个,false,douyin,19,2025-12-25
外交部再次回应日高官拥核言论,false,douyin,19,2025-12-25
养出新年好状态,false,douyin,19,2025-12-25
抖瓦杯S3选秀之夜,false,douyin,19,2025-12-25
小米17 Ultra首发测评,false,douyin,19,2025-12-26
2025年天文界都发现了什么,false,douyin,19,2025-12-26
人怎么可以在六年内吃那么多苦,false,douyin,19,2025-12-26
跟杜克一起前往瓦拉纳西,false,douyin,19,2025-12-26
化妆就要越大胆越好看,false,douyin,19,2025-12-27
这个冬天实现生蚝自由,false,douyin,19,2025-12-27
老舅后劲好大,false,douyin,19,2025-12-27
著名导演翟俊杰去世,false,douyin,20,2025-12-25
国投白银LOF快速跌停,false,douyin,20,2025-12-25
剑来2首播观后感,false,douyin,20,2025-12-25
1分钟描述我当妈妈的一年,false,douyin,20,2025-12-26
人之初开播,false,douyin,20,2025-12-27
骄阳似我有自己的抠图式出国,false,douyin,21,2025-12-25
苦海翻起爱恨故事感转场,false,douyin,21,2025-12-25
辽宁盘锦幼儿园虐童案一审宣判,true,douyin,21,2025-12-25
库里生涯26000分,false,douyin,21,2025-12-26
掘金加时险胜森林狼,false,douyin,21,2025-12-26
随时随地挑战滑溜溜海豹舞,false,douyin,21,2025-12-26
Peanut力挺BLG,false,douyin,21,2025-12-27
曼联1:0纽卡,false,douyin,21,2025-12-27
斗破179集超前解析,false,douyin,21,2025-12-27
雪饼猴和宇宙闪烁请注意联动了,false,douyin,21,2025-12-27
肖战压轴官宣东方卫视跨年,false,douyin,22,2025-12-25
日本靖国神社被起诉,false,douyin,22,2025-12-25
敖子逸生日快乐,false,douyin,22,2025-12-25
被全校围观的表白太甜了,false,douyin,22,2025-12-25
2024年中国GDP最终核实公告发布,false,douyin,22,2025-12-26
4招摆脱路人感穿搭,false,douyin,22,2025-12-26
在中国我们不说我们用唱的,false,douyin,22,2025-12-26
敢问阁下怎么称呼,false,douyin,22,2025-12-27
AG零封破军进入四强,false,douyin,22,2025-12-27
Hello大家好,false,douyin,23,2025-12-25
方城火灾案判决书披露量刑依据,true,douyin,23,2025-12-25
陈伟霆说自己和好命哥一样好命,false,douyin,23,2025-12-25
京东发布2025年终奖公告,false,douyin,23,2025-12-26
男子毒杀子女案宣判,true,douyin,23,2025-12-26
一代人有一代人的丝巾要飘,false,douyin,23,2025-12-26
周大福回应吊坠正面牛马背面Jia,true,douyin,23,2025-12-27
用QQ爱打开crush面前的我,false,douyin,23,2025-12-27
美国“斩杀线”真的存在吗,false,douyin,23,2025-12-27
网友把白萝卜吃出花样了,false,douyin,23,2025-12-27
凡人修仙传韩立断王蝉双腿,false,douyin,23,2025-12-27
斗破萧炎见面就是两巴掌看爽了,false,douyin,23,2025-12-27
绿皮火车还是东北人坐得明白,false,douyin,24,2025-12-25
电影情圣3太解压了,false,douyin,24,2025-12-25
也是让狗子享受上了,false,douyin,24,2025-12-25
这是港迪新说唱吗,false,douyin,24,2025-12-25
林屿森内娱顶级安全型男友,false,douyin,24,2025-12-25
老舅拿捏了我的喜怒哀乐,false,douyin,24,2025-12-26
属于非遗人的年终MVP结算,false,douyin,24,2025-12-26
我被汽水的大数据戳中了,false,douyin,24,2025-12-27
IG战胜TES,false,douyin,24,2025-12-27
金莎被孙丞潇求婚啦,false,douyin,25,2025-12-25
2025年国际乒联年终世界第一,false,douyin,25,2025-12-25
看看谁是萝卜纸巾挑战的十级学者,false,douyin,25,2025-12-25
星期五的小孩belike,false,douyin,25,2025-12-26
赵丽颖新剧角色干劲十足,false,douyin,25,2025-12-26
抖音美好跨年季,false,douyin,25,2025-12-26
剑来2真4k国漫卷疯了,false,douyin,25,2025-12-27
中方回应高市早苗或参拜靖国神社,false,douyin,25,2025-12-27
我养了一只动画芦丁鸡,false,douyin,25,2025-12-27
东北刚晾完的衣服就是板正,false,douyin,25,2025-12-27
新华社2025中国十佳运动员,false,douyin,25,2025-12-27
剑来第二季抄袭风波,false,douyin,25,2025-12-27
没人能笑着走出抖音白描文学,false,douyin,26,2025-12-25
日政客盯上赠台大熊猫 中方回应,false,douyin,26,2025-12-25
林屿森爱聂曦光精确到秒,false,douyin,26,2025-12-25
撒西不理哒呐挑战,false,douyin,26,2025-12-25
老师明明很温柔这压迫感是哪来的,false,douyin,26,2025-12-26
山西内蒙古超级朝霞,false,douyin,26,2025-12-26
侯明昊娜扎开局就签卖身契,false,douyin,26,2025-12-27
陈芋汐奥运后曾想过放弃跳水,false,douyin,27,2025-12-25
黄霄雲再唱人鱼之歌,false,douyin,27,2025-12-25
王安宇意外公布陈伟霆孩子名字,false,douyin,27,2025-12-25
别让老人拍这个,false,douyin,27,2025-12-25
与辉同行2026跨年乐享会官宣,false,douyin,27,2025-12-25
董宇辉刘震云笑谈人生大自在,false,douyin,27,2025-12-25
张杰跨年演唱会直播官宣,false,douyin,27,2025-12-25
部分退役军人抚恤补助标准提高,false,douyin,27,2025-12-26
贺峻霖的舞蹈无须多言,false,douyin,27,2025-12-26
骄阳似我台阶名场面,false,douyin,27,2025-12-26
七根回形针是什么原理,false,douyin,27,2025-12-26
乡村兽医给猫狗治病的一天,false,douyin,27,2025-12-26
献丑了谁还没个爱好呢,false,douyin,27,2025-12-26
小米17Ultra徕卡版有什么不一样,false,douyin,27,2025-12-26
骄阳似我热度破28000,false,douyin,27,2025-12-27
化妆人有自己的邪修,false,douyin,27,2025-12-27
谭松韵给魔丸赛道上新了,false,douyin,27,2025-12-27
宋亚轩滑溜溜海豹舞要素过多,false,douyin,28,2025-12-25
写给老己的一封情书,false,douyin,28,2025-12-25
当你问我篮球的意义是什么,false,douyin,28,2025-12-25
用三种颜色打开双轨,false,douyin,28,2025-12-25
西藏人大副主任王峻被查,false,douyin,28,2025-12-25
电影匿杀阿如那恶人狠劲,false,douyin,28,2025-12-25
美方报告挑拨中印关系 中方回应,false,douyin,28,2025-12-25
惹我生气就变身给你看,false,douyin,28,2025-12-25
剥茧定档,false,douyin,28,2025-12-26
花小龙带陈泽白泽爬雪山,false,douyin,28,2025-12-26
苏新皓新发色黑西装欧巴降临,false,douyin,28,2025-12-26
宋威龙今天帅得我有心事,false,douyin,28,2025-12-27
老舅新歌和老舅舅妈适配度,false,douyin,28,2025-12-27
无穷小亮的25年终总结,false,douyin,28,2025-12-27
快船逆转开拓者迎三连胜,false,douyin,28,2025-12-27
谁还没有自己的专属新年烟花,false,douyin,28,2025-12-27
学生一开口就把老师比下去了,false,douyin,28,2025-12-27
一只大笨猫引发的全网大考,false,douyin,29,2025-12-25
听说好看的人才能驾驭这个特效,false,douyin,29,2025-12-25
骄阳似我热度破27000,false,douyin,29,2025-12-25
曝Ben加入BLG,false,douyin,29,2025-12-25
宇宙闪烁请注意爆笑发布会,false,douyin,29,2025-12-25
用一句古诗词告别2025,false,douyin,29,2025-12-26
冬天就该出门玩,false,douyin,29,2025-12-26
大主宰年番2定档0109,false,douyin,29,2025-12-26
爷爷节俭一辈子败在了折耳根,false,douyin,29,2025-12-26
挑战16秒爱上范丞丞新歌,false,douyin,29,2025-12-26
2026全国两会召开时间,false,douyin,29,2025-12-27
红果果绿泡泡秀恩爱引回忆杀,false,douyin,29,2025-12-27
余宇涵新年音乐会造型,false,douyin,29,2025-12-27
被周深演唱的山灵震撼到了,false,douyin,29,2025-12-27
老吃家美食课代表来了,false,douyin,29,2025-12-27
伊朗代表：感谢中俄,false,douyin,30,2025-12-25
首批传家锅开箱来了,false,douyin,30,2025-12-25
朱志鑫苏新皓双人cha,false,douyin,30,2025-12-25
刘耀文又帅起来了,false,douyin,30,2025-12-25
贺峻霖每晚都在miss you,false,douyin,30,2025-12-25
深度解析剑来2文戏,false,douyin,30,2025-12-25
朱孝天举报五月天公司,false,douyin,30,2025-12-25
实用主义的东北旅行穿搭,false,douyin,30,2025-12-26
赵今麦sunset手势舞甜度超标,false,douyin,30,2025-12-26
韩检方寻求判处尹锡悦10年监禁,false,douyin,30,2025-12-26
一人一件年度宝藏好物,false,douyin,30,2025-12-26
期待新音橹穆双人舞台,false,douyin,30,2025-12-26
全员都在助攻林屿森聂曦光,false,douyin,30,2025-12-26
边牧：陪你玩你咋还急眼了,false,douyin,30,2025-12-27
猫还在考试边牧已经在布置考场了,false,douyin,30,2025-12-27
写作文大爷回应走红后拒绝包装,false,douyin,30,2025-12-27
被小英的汉服妆造惊艳到了,false,douyin,30,2025-12-27
北斗七行超强售后杀疯了,false,douyin,30,2025-12-27
感受福建舰电磁弹射系统爆发力,false,bilibili-hot-search,1,2025-12-25
青训破军 VS 北京WB 挑战者杯,false,bilibili-hot-search,1,2025-12-25
从国人视角看阿凡达3,false,bilibili-hot-search,1,2025-12-25
连吃高油高糖食物一周会如何,false,bilibili-hot-search,1,2025-12-25
成都AG VS 青训破军 挑战者杯,false,bilibili-hot-search,1,2025-12-26
美国斩杀线为什么火了,true,bilibili-hot-search,1,2025-12-26
成都AG VS Hero 挑战者杯,false,bilibili-hot-search,1,2025-12-27
UP主谈抗癌成功经历,false,bilibili-hot-search,1,2025-12-27
和爱莉希雅一起看初雪吧,false,bilibili-hot-search,2,2025-12-25
王兴兴和宇树的破局之路,false,bilibili-hot-search,2,2025-12-26
朱一旦复更,false,bilibili-hot-search,2,2025-12-26
一诺戈娅伪五杀,false,bilibili-hot-search,2,2025-12-27
飞莎儿继续天秀古董商,false,bilibili-hot-search,3,2025-12-25
国产抗日FPS抵抗者最新PV,false,bilibili-hot-search,3,2025-12-26
2025年度弹幕,true,bilibili-hot-search,3,2025-12-27
40岁C罗身材什么水平,false,bilibili-hot-search,4,2025-12-25
详细剖析阿凡达纳威人,false,bilibili-hot-search,4,2025-12-26
检方寻求判处尹锡悦10年监禁,false,bilibili-hot-search,4,2025-12-26
圆脸谈美国斩杀线,true,bilibili-hot-search,4,2025-12-26
逐帧解析凡人第175集,false,bilibili-hot-search,4,2025-12-27
鸣潮3.0版本正式上线,false,bilibili-hot-search,5,2025-12-25
UP主复刻黑暗料理果汁炖米饭,false,bilibili-hot-search,5,2025-12-25
在鸣潮里玩极限国度,false,bilibili-hot-search,5,2025-12-25
如何打印机器人肌肉,false,bilibili-hot-search,5,2025-12-26
中方反制20家美军工相关企业,false,bilibili-hot-search,5,2025-12-26
万字拆解电影摩天楼,false,bilibili-hot-search,5,2025-12-27
泰柬就停火问题签署联合声明,false,bilibili-hot-search,5,2025-12-27
三角洲比赛应援太抽象了,false,bilibili-hot-search,5,2025-12-27
2025星光大赏乐子盘点,false,bilibili-hot-search,6,2025-12-25
12月游戏版号公布,false,bilibili-hot-search,6,2025-12-25
第一视角看英超裁判如何工作,false,bilibili-hot-search,6,2025-12-25
年度报告42种结果页全集,false,bilibili-hot-search,6,2025-12-26
魔法工艺人机大战,false,bilibili-hot-search,6,2025-12-26
绝区零叶瞬光EP,false,bilibili-hot-search,6,2025-12-27
血战台儿庄导演翟俊杰逝世,false,bilibili-hot-search,7,2025-12-25
塔利班掌权的阿富汗现状,false,bilibili-hot-search,7,2025-12-25
B站玩家评选年度游戏,false,bilibili-hot-search,7,2025-12-26
小文哥凌晨看欣小萌库克,false,bilibili-hot-search,7,2025-12-26
金价暴涨还能买吗,false,bilibili-hot-search,7,2025-12-26
S15纪录片争者留其名上线,false,bilibili-hot-search,7,2025-12-27
谁成为了你的年度挚爱,false,bilibili-hot-search,8,2025-12-25
中方回应TikTok将在美成立合资公司,false,bilibili-hot-search,8,2025-12-25
迷影至下带你看哥斯拉,false,bilibili-hot-search,8,2025-12-25
下一个是谁上新,false,bilibili-hot-search,8,2025-12-26
无畏契约全国大赛 5FW VS JYG,false,bilibili-hot-search,8,2025-12-26
2025国外最火的网络热梗,true,bilibili-hot-search,8,2025-12-27
勇闯非洲水上地狱,false,bilibili-hot-search,9,2025-12-25
沈逸解析美国斩杀线,false,bilibili-hot-search,9,2025-12-25
警惕伪心理学制造焦虑,false,bilibili-hot-search,9,2025-12-25
给玩星露谷的老婆一份特殊礼物,false,bilibili-hot-search,9,2025-12-25
清华教授带你看懂2025中国经济,false,bilibili-hot-search,9,2025-12-25
树叶VS赖神万象棋巅峰对决,false,bilibili-hot-search,9,2025-12-25
勇士战胜独行侠,false,bilibili-hot-search,9,2025-12-26
2026年待播悬疑剧红黑榜,false,bilibili-hot-search,9,2025-12-26
蛋黄派 探班周深耳朵会受伤,false,bilibili-hot-search,9,2025-12-26
MRC白露生日会,false,bilibili-hot-search,9,2025-12-26
小翔哥凌晨5点看咸鱼梦想家,false,bilibili-hot-search,9,2025-12-27
为什么今年流感这么严重,false,bilibili-hot-search,10,2025-12-25
s1mple聊donk天梯三连退,false,bilibili-hot-search,10,2025-12-25
有兽焉第五季定档,false,bilibili-hot-search,10,2025-12-26
这一年见证了哪些难忘时刻,false,bilibili-hot-search,10,2025-12-26
美国中产是如何滑落的,false,bilibili-hot-search,10,2025-12-26
2025全球主要经济体表现盘点,false,bilibili-hot-search,10,2025-12-26
2026年全国两会召开时间,false,bilibili-hot-search,10,2025-12-27
2025世界发生了什么,false,bilibili-hot-search,11,2025-12-25
官方回应吸毒记录封存问题,false,bilibili-hot-search,11,2025-12-25
央视网专访六小龄童,false,bilibili-hot-search,11,2025-12-26
恋与深空二周年盛典前瞻,false,bilibili-hot-search,11,2025-12-26
259携Rush哔冠军挑战TyLoo,false,bilibili-hot-search,11,2025-12-27
NIKO年度名场面合集,false,bilibili-hot-search,11,2025-12-27
绝区零叶瞬光动画短片,false,bilibili-hot-search,12,2025-12-25
零下45度极寒将袭击东北,false,bilibili-hot-search,12,2025-12-25
圆脸谈解密爱泼斯坦文件,false,bilibili-hot-search,12,2025-12-25
苏丹内战为何无人关注,false,bilibili-hot-search,12,2025-12-25
绝区零照角色EP,false,bilibili-hot-search,12,2025-12-26
博士与AI联手造出千度阻燃新型材料,false,bilibili-hot-search,12,2025-12-26
汪苏泷希林娜依高复刻两小无猜,false,bilibili-hot-search,12,2025-12-26
韩立斩腿王蝉讨胶带,false,bilibili-hot-search,12,2025-12-27
张韶涵觅光MV送给每个人,false,bilibili-hot-search,13,2025-12-25
鸣潮过场动画来路,false,bilibili-hot-search,13,2025-12-27
2025年度硬核重器盘点,false,bilibili-hot-search,13,2025-12-27
美国首家蜜雪冰城怎么样,false,bilibili-hot-search,14,2025-12-25
T8联考考前急救,false,bilibili-hot-search,14,2025-12-25
2025经济热点年终总结,false,bilibili-hot-search,14,2025-12-25
怎么什么都没干这一年就结束了,false,bilibili-hot-search,14,2025-12-25
中国山西碳纤维的翻身仗,false,bilibili-hot-search,14,2025-12-25
可回收火箭难点在哪里,false,bilibili-hot-search,14,2025-12-26
怪奇物语结局预测,false,bilibili-hot-search,14,2025-12-26
HMA提名公布,false,bilibili-hot-search,14,2025-12-26
UP锐评S15纪录片,false,bilibili-hot-search,14,2025-12-27
无畏契约全国大赛 5FW VS JUG,false,bilibili-hot-search,14,2025-12-27
人机感串烧年度热歌,false,bilibili-hot-search,14,2025-12-27
COS流萤陪好友生日约会,false,bilibili-hot-search,15,2025-12-25
梁博精气神首唱会全记录,false,bilibili-hot-search,15,2025-12-25
2025LPL全球总决赛纪录片宣传片,false,bilibili-hot-search,15,2025-12-25
王者IP新游万象棋好玩吗,false,bilibili-hot-search,15,2025-12-25
杜克印度搭便车探秘瓦拉纳西,false,bilibili-hot-search,15,2025-12-26
2025年度AI好用工具,false,bilibili-hot-search,15,2025-12-26
史上最佳NBA圣诞大战,false,bilibili-hot-search,15,2025-12-26
Oner与T1续约至2028年,false,bilibili-hot-search,16,2025-12-25
反悟空联盟,false,bilibili-hot-search,16,2025-12-25
78杨杨温浅单三大挑战,false,bilibili-hot-search,16,2025-12-25
恋与深空5.0版本PV,false,bilibili-hot-search,16,2025-12-26
TF三四代美杜莎全员饭拍,false,bilibili-hot-search,16,2025-12-27
第一次COS签售亏了2000,false,bilibili-hot-search,16,2025-12-27
什么是美国斩杀线,false,bilibili-hot-search,17,2025-12-25
玄界之门四馆较技篇开启,false,bilibili-hot-search,17,2025-12-25
无敌大妈超燃广场大战,false,bilibili-hot-search,17,2025-12-25
中国酒是如何诞生的,false,bilibili-hot-search,17,2025-12-26
UP主用AI挑战肉鸽游戏,false,bilibili-hot-search,17,2025-12-26
暗区端游S4机场新地图上线,false,bilibili-hot-search,17,2025-12-26
苏新皓Do you love me直拍,false,bilibili-hot-search,17,2025-12-27
单依纯回应热梗,false,bilibili-hot-search,17,2025-12-27
医学生首次见到跳动的心脏,false,bilibili-hot-search,18,2025-12-25
德爷挑战传统口技,false,bilibili-hot-search,18,2025-12-25
湖人不敌火箭,false,bilibili-hot-search,18,2025-12-26
绝区零叶瞬光保姆级攻略,false,bilibili-hot-search,18,2025-12-26
暌违3年的密室推理电影,false,bilibili-hot-search,18,2025-12-26
苏新皓骁三机位直拍,false,bilibili-hot-search,18,2025-12-27
TF三四代骁全员饭拍,false,bilibili-hot-search,18,2025-12-27
Sweet Venom张桂源直拍,false,bilibili-hot-search,18,2025-12-27
金属全线暴涨原因何在,false,bilibili-hot-search,18,2025-12-27
铁 细胞里的远祖残躯,false,bilibili-hot-search,18,2025-12-27
汽车角度分析COD之父车祸,false,bilibili-hot-search,19,2025-12-25
日本核反应堆含放射性水泄漏,false,bilibili-hot-search,19,2025-12-25
萝卜纸巾猫口语考试,false,bilibili-hot-search,19,2025-12-25
王者安琪拉糖果风暴皮肤爆料,false,bilibili-hot-search,19,2025-12-26
食贫道新作解码战后80年,false,bilibili-hot-search,19,2025-12-26
燕云十六声周年庆,false,bilibili-hot-search,19,2025-12-27
Viper官宣入驻B站,false,bilibili-hot-search,19,2025-12-27
Creme赛后复盘表达不满,false,bilibili-hot-search,19,2025-12-27
饼叔漠叔 我们如何玩命拍出纪录片,false,bilibili-hot-search,20,2025-12-25
王力宏演唱会机器人彩排纯享,false,bilibili-hot-search,20,2025-12-25
被高圆圆vlog看饿了,false,bilibili-hot-search,20,2025-12-25
2026VCTCN赛制介绍,false,bilibili-hot-search,20,2025-12-25
笙笙镜头下的张韶涵,false,bilibili-hot-search,20,2025-12-26
方寒御鼎撞人单杀魔君,false,bilibili-hot-search,20,2025-12-26
年度热门歌曲大赏,false,bilibili-hot-search,20,2025-12-26
京剧猫十周年混剪,false,bilibili-hot-search,20,2025-12-27
盘点2025中国电竞表现,false,bilibili-hot-search,21,2025-12-25
交换家乡旅游,false,bilibili-hot-search,21,2025-12-26
揭露韩娱Kpop的光鲜背后,false,bilibili-hot-search,21,2025-12-26
盘点2025各国年度热搜,false,bilibili-hot-search,21,2025-12-26
张函瑞爱要坦荡荡4K直拍,false,bilibili-hot-search,21,2025-12-27
乐高乐园值得去吗,false,bilibili-hot-search,21,2025-12-27
考古华晨宇音综舞台,false,bilibili-hot-search,22,2025-12-25
存款10万和500万的青年现状,false,bilibili-hot-search,22,2025-12-25
UP主混剪真实的科比,false,bilibili-hot-search,22,2025-12-25
UP主还原疯狂动物城的胡萝卜便当,false,bilibili-hot-search,22,2025-12-25
巫师盘点年度财经大事,false,bilibili-hot-search,22,2025-12-25
王者虞姬溯影追猎皮肤爆料,false,bilibili-hot-search,22,2025-12-26
13岁天才速通6大烧脑谜题,false,bilibili-hot-search,22,2025-12-26
太空鼠二代出生了,false,bilibili-hot-search,22,2025-12-27
真棒小猫,false,bilibili-hot-search,22,2025-12-27
1万元的帝王蟹长什么样,false,bilibili-hot-search,22,2025-12-27
单依纯纯妹妹MV,false,bilibili-hot-search,23,2025-12-25
离岸人民币兑美元破7大关,false,bilibili-hot-search,23,2025-12-25
从湖北坐大巴到三亚是何体验,false,bilibili-hot-search,23,2025-12-25
博士UP主毕业考研全纪录,false,bilibili-hot-search,23,2025-12-25
央视带你回顾2025高燃瞬间,false,bilibili-hot-search,23,2025-12-26
蜜雪冰城开到好莱坞,false,bilibili-hot-search,23,2025-12-26
复盘约基奇56分大三双,false,bilibili-hot-search,23,2025-12-27
朱志鑫张桂源SweetVenom双人饭拍,false,bilibili-hot-search,23,2025-12-27
飞莎儿瓦手超凡局游龙,false,bilibili-hot-search,23,2025-12-27
十五五透露出哪些关键信号,false,bilibili-hot-search,23,2025-12-27
四川的松弛感从何而来,false,bilibili-hot-search,23,2025-12-27
用苹果风格宣传钥匙圈,false,bilibili-hot-search,23,2025-12-27
一个视频看懂长征十二甲火箭,false,bilibili-hot-search,24,2025-12-25
复联5首支预告正式发布,false,bilibili-hot-search,24,2025-12-25
如何看本科生发40多篇论文,false,bilibili-hot-search,24,2025-12-25
2025 为自己喝彩,false,bilibili-hot-search,24,2025-12-25
UP主谈德杯BLG被淘汰,false,bilibili-hot-search,24,2025-12-25
金莎被孙丞潇求婚,false,bilibili-hot-search,24,2025-12-25
张韶涵跨年晚会化身月下歌姬,false,bilibili-hot-search,24,2025-12-26
河南普通人的生活现状,false,bilibili-hot-search,24,2025-12-26
赛博英法百年battle正式开启,false,bilibili-hot-search,24,2025-12-27
男V女V向前冲冰雪奇遇,false,bilibili-hot-search,24,2025-12-27
羊村第五季上新,false,bilibili-hot-search,25,2025-12-25
印度为啥搞不定化肥产业,false,bilibili-hot-search,25,2025-12-25
特朗普这一年如何搅乱全球,false,bilibili-hot-search,25,2025-12-25
AI音乐MV绩效改进计划,false,bilibili-hot-search,25,2025-12-26
机器人空翻 vs 真男人空翻,false,bilibili-hot-search,25,2025-12-26
周深追着蛋黄派杀,false,bilibili-hot-search,25,2025-12-27
杨博文ON横屏直拍,false,bilibili-hot-search,25,2025-12-27
去白宫旅游是什么体验,false,bilibili-hot-search,25,2025-12-27
北京调整住房限购政策,false,bilibili-hot-search,26,2025-12-25
长津湖战役有多惨烈,false,bilibili-hot-search,26,2025-12-25
当边牧玩纸巾萝卜游戏,false,bilibili-hot-search,26,2025-12-25
笙笙拍的黄子弘凡,false,bilibili-hot-search,26,2025-12-25
2026偶像剧预告盘点,false,bilibili-hot-search,26,2025-12-25
怎么看山西废止烟花禁放令,false,bilibili-hot-search,26,2025-12-26
欣小萌的2025年终总结,false,bilibili-hot-search,26,2025-12-26
电竞赛事2025年度回顾,false,bilibili-hot-search,26,2025-12-26
童星14岁退休的真相,false,bilibili-hot-search,26,2025-12-26
星铁3.8剧情考据,false,bilibili-hot-search,26,2025-12-26
ALin黄霄雲千年之恋宿命感,false,bilibili-hot-search,26,2025-12-26
NiKo获得Top18,false,bilibili-hot-search,26,2025-12-27
KPOP年末反向出圈名场面,false,bilibili-hot-search,26,2025-12-27
单依纯二专试听,false,bilibili-hot-search,26,2025-12-27
实地探访朝韩38线,false,bilibili-hot-search,26,2025-12-27
下一个是谁番外之真人版三角洲,false,bilibili-hot-search,27,2025-12-25
挑战空中生存30天,false,bilibili-hot-search,27,2025-12-25
德爷被子弹蚁咬到破防,false,bilibili-hot-search,27,2025-12-25
海南封关的意义有多重大,false,bilibili-hot-search,27,2025-12-25
S15 LPL纪录片宣传片,false,bilibili-hot-search,27,2025-12-25
可可西里 无人区的人,false,bilibili-hot-search,27,2025-12-25
解析马斯克25年最新火星移民计划,false,bilibili-hot-search,27,2025-12-26
为什么我们离不开糖,false,bilibili-hot-search,27,2025-12-26
印度的登月计划可行吗,false,bilibili-hot-search,27,2025-12-26
超励志2025愿望清单之赛车,false,bilibili-hot-search,27,2025-12-27
檀健次PROOF新歌预告,false,bilibili-hot-search,27,2025-12-27
雪王闯美为什么甜度翻倍,false,bilibili-hot-search,27,2025-12-27
给椅子装两个机械臂会怎样,false,bilibili-hot-search,27,2025-12-27
华强买瓜 但恋爱了,true,bilibili-hot-search,28,2025-12-25
工业革命增长之谜,false,bilibili-hot-search,28,2025-12-25
揭秘塔上待9个月的超孤独职业,false,bilibili-hot-search,28,2025-12-25
挑战日入四位数之水泥车清理工,false,bilibili-hot-search,28,2025-12-25
为何说福州是省会城市中的另类,false,bilibili-hot-search,28,2025-12-25
拉布拉多为啥总吃不饱,false,bilibili-hot-search,28,2025-12-26
萝卜纸巾考官模式,true,bilibili-hot-search,28,2025-12-26
恋与深空二周年直播,false,bilibili-hot-search,28,2025-12-26
iM获CS2年度TOP19,false,bilibili-hot-search,28,2025-12-26
镇魂街王者归来首曝,false,bilibili-hot-search,28,2025-12-27
张函瑞ON 4K精剪直拍,false,bilibili-hot-search,28,2025-12-27
李煜东大舌头4k直拍,false,bilibili-hot-search,28,2025-12-27
胡萝卜纸巾受害者,true,bilibili-hot-search,29,2025-12-25
南北方修仙的离谱差异,true,bilibili-hot-search,29,2025-12-25
走进范德彪飙学宇宙,true,bilibili-hot-search,29,2025-12-25
考公人数为何反超考研,false,bilibili-hot-search,29,2025-12-25
深扒德国人的环保神话,false,bilibili-hot-search,29,2025-12-25
从夯到拉评漫威2025作品,false,bilibili-hot-search,29,2025-12-25
言承旭吴建豪周渝民阿信新歌LIVE,false,bilibili-hot-search,29,2025-12-25
胡萝卜纸巾猫智商加10000,true,bilibili-hot-search,29,2025-12-25
特朗普暴力改建白宫合法吗,false,bilibili-hot-search,29,2025-12-25
中国如何布局电动汽车,false,bilibili-hot-search,29,2025-12-26
无穷小亮的2025出差记录,false,bilibili-hot-search,29,2025-12-26
用玻璃烧的萝卜纸巾猫,true,bilibili-hot-search,29,2025-12-26
直击B站跨晚录制一线感受,false,bilibili-hot-search,29,2025-12-26
复盘马刺何以三杀雷霆,false,bilibili-hot-search,29,2025-12-26
方城火灾案的判罚合理吗,true,bilibili-hot-search,29,2025-12-26
王橹杰美杜莎三机位直拍,false,bilibili-hot-search,29,2025-12-27
不同品种小狗玩萝卜纸巾,true,bilibili-hot-search,29,2025-12-27
哔哩奇域杯 原神千星奇域主播赛,false,bilibili-hot-search,29,2025-12-27
AI医疗前景如何,false,bilibili-hot-search,29,2025-12-27
自制武林外传续集动画更新了,false,bilibili-hot-search,30,2025-12-25
燕云十六声周年庆前瞻,false,bilibili-hot-search,30,2025-12-25
萝卜纸巾是什么梗,true,bilibili-hot-search,30,2025-12-25
王者扁鹊将迎来玩法升级,false,bilibili-hot-search,30,2025-12-25
从大专贫困生到百万粉UP主,false,bilibili-hot-search,30,2025-12-25
柴西cos特工,false,bilibili-hot-search,30,2025-12-25
王者万象棋首次开放测试,false,bilibili-hot-search,30,2025-12-25
b1t获CS2年度TOP20,false,bilibili-hot-search,30,2025-12-25
绵羊在家复刻价值688的炒饭,false,bilibili-hot-search,30,2025-12-25
如何看待人民币汇率破7,false,bilibili-hot-search,30,2025-12-26
飞驰人生3原班人马回归,false,bilibili-hot-search,30,2025-12-26
缅甸妙瓦底赌诈园区被清缴,false,bilibili-hot-search,30,2025-12-26
中国奇谭2单集播出顺序公布,false,bilibili-hot-search,30,2025-12-26
周深七年跨晚全勤,false,bilibili-hot-search,30,2025-12-26
曼联1-0纽卡,false,bilibili-hot-search,30,2025-12-27
登陆少年Dangerous全员饭拍,false,bilibili-hot-search,30,2025-12-27
彩虹六号跨年晚会,false,bilibili-hot-search,30,2025-12-27
"断臂男网恋踩坑,女方骗钱跑路巴铁",true,tieba,1,2025-12-25
"断臂男网恋踩坑,女方骗钱跑路",true,tieba,1,2025-12-25
"美人民头顶血条,斩杀线露头就秒",false,tieba,1,2025-12-26
非洲地狱养蛊!炼出艾滋广谱抗体,false,tieba,1,2025-12-27
"卧龙对凤雏,BLG输WBG垫底出局",false,tieba,2,2025-12-25
"我发贴吧25年度吧梗,你来打分",true,tieba,2,2025-12-26
王朝陨落!AG惨遭Hero淘汰,false,tieba,2,2025-12-27
"国漫剑来竟抄袭,粉丝怒喷没骨气",false,tieba,3,2025-12-25
高手在民间!鸣潮3.0摩托性能爆炸,false,tieba,3,2025-12-26
真香定律!鸣潮摩托风评反转,false,tieba,3,2025-12-27
鸣潮3.0吧友体验实况,false,tieba,4,2025-12-25
回来了!AG速扫破军锁定四强,false,tieba,4,2025-12-26
"小区歧视外卖员,百名骑手集结抗议",true,tieba,4,2025-12-27
"雪王闯美挨批,致死糖度不够甜",true,tieba,4,2025-12-27
过洋节=不爱国?吧友激情开辩,true,tieba,5,2025-12-25
背水一战!奶爸负巨债搏餐饮赛道,false,tieba,5,2025-12-26
"TES遇T1吓尿,小奶油曾怒怼教练",false,tieba,5,2025-12-27
"相声大师润美,平安夜远程爱国",false,tieba,6,2025-12-25
"自曝欠贷求共担,遭男友光速退订",true,tieba,6,2025-12-26
"女园长黑校车超载,7幼儿落水身亡",true,tieba,6,2025-12-27
自怜自艾?985学子自述跌落斩杀线,true,tieba,7,2025-12-25
"血汗钱被骗,吧友怒聘律师刚到底",true,tieba,7,2025-12-26
"历史最低,Niko获年度Top18",false,tieba,7,2025-12-27
"南博前院长落马,涉盗卖走私文物",false,tieba,8,2025-12-25
"私发黄片给女友,男子被罚3k行拘",true,tieba,8,2025-12-25
致热爱:贴吧22周年吧主盛会,false,tieba,8,2025-12-26
"JDG进德杯四强,红Q未来可期?",false,tieba,8,2025-12-27
"六冠王knight,自称仍是迷路少年",false,tieba,9,2025-12-25
"咖啡因变毒品,马督公又出暴论",false,tieba,9,2025-12-26
女大白嫖新招:照片到手就退款,true,tieba,9,2025-12-27
"离婚女搞百合,带6娃办订婚宴",true,tieba,10,2025-12-25
"云游小编闹乌龙,深圳秒变夜之城",false,tieba,10,2025-12-26
为爱发狂!少女为买谷子锁喉亲妈,true,tieba,10,2025-12-27
"斩杀线揭开美国一角,殖人先急了",false,tieba,11,2025-12-25
"女友出轨反报警,现男友成阶下囚",true,tieba,11,2025-12-26
"我发贴吧年度热瓜,你来打分",true,tieba,11,2025-12-27
"LOL全皮肤亮相,8U来打关键分",false,tieba,12,2025-12-25
"史盲文化堪忧,丞相黑料全靠编",false,tieba,12,2025-12-26
"大神妙手修旧照,复原时光守记忆",false,tieba,12,2025-12-27
"画师全跑光,马斯克AI贴脸盗图",false,tieba,13,2025-12-25
"美军公海劫油轮,懂王霸权无底线",false,tieba,13,2025-12-26
"印网红秀种姓特权,遭全网制裁",false,tieba,13,2025-12-27
"勾结黄牛偷逃税,五月天被爆大瓜",false,tieba,14,2025-12-25
"养女一年非亲生,心软原谅不追责",true,tieba,14,2025-12-26
"开灵视看美国,影视作品早有剧透",false,tieba,14,2025-12-27
"还在恨,北川点赞BLG战败报告",false,tieba,15,2025-12-25
"三星失火内存飙升,钱包集体哀嚎",false,tieba,15,2025-12-26
12月26日笑料限定,false,tieba,15,2025-12-27
"枪打出头鸟,陈震疑似遭全网永封",false,tieba,16,2025-12-25
"燕云服装被骂,官方滑跪得罪两头",false,tieba,16,2025-12-26
硬盘末日!GTA6确认676GB大小,false,tieba,17,2025-12-25
"BLG违约也要踢,Elk五宗罪实锤",false,tieba,17,2025-12-26
每天一个奇吧—太阳花,false,tieba,17,2025-12-27
"v圈斩杀线,女主播辱男光速毕业",true,tieba,18,2025-12-25
"少女组团仙人跳,诬告敲诈终判刑",true,tieba,18,2025-12-26
一夜返贫!美国富翁也难逃斩杀,false,tieba,19,2025-12-25
"斗罗画师送外卖,国漫作者生存难",true,tieba,19,2025-12-26
"网贷平台疑关停,化债女急求接盘",false,tieba,20,2025-12-25
"女子试衣1分钟,退货被拒喊冤",true,tieba,20,2025-12-26
每天一个奇吧—收音机爱好者吧,false,tieba,21,2025-12-25
"吧友P图整活,捆绑play玩得花",false,tieba,22,2025-12-25
每天一个奇吧—紫砂壶吧,false,tieba,22,2025-12-26
天命服务器?2026热闹就完事!,false,tieba,23,2025-12-25
三拒救援!23岁硕士徒步命陨川西,true,tieba,24,2025-12-25
12月25日笑料限定,false,tieba,24,2025-12-26
12月23日笑料限定,false,tieba,25,2025-12-25
12月24日笑料限定,false,tieba,25,2025-12-25
"已婚人士变坐骑,某书言论太逆天",false,tieba,26,2025-12-25
"4天赚8亿,梅西印度行狂捞金",false,tieba,27,2025-12-25
真敢说!博主贴标签引爆彩礼话题,false,tieba,27,2025-12-25
"鹰角纯草台,阿米娅蛋糕日闹乌龙",false,tieba,28,2025-12-25
"我发贴吧年度电竞人物,你来打分",false,tieba,28,2025-12-25
"蛋神开公司,煮蛋实现财富自由",true,tieba,28,2025-12-25
“贤妻”庭审现形!出轨转钱给情人,true,tieba,28,2025-12-25
"神人跑嗨忘形,羞耻玩具遗落操场",true,tieba,29,2025-12-25
"牢A史莱姆毁三观,灵视过载遭不住",false,tieba,29,2025-12-25
"涂黑防不住机密,爱泼斯坦瓜炸锅",false,tieba,29,2025-12-25
"世纪悬案大突破,凶手竟是同一人",true,tieba,29,2025-12-25
"陪李哥打到退役,oner续约T1",false,tieba,29,2025-12-25
"Faker空降成都,票价劝退真爱粉",false,tieba,29,2025-12-25
"拒当花瓶人,自然女集体孙笑川化",false,tieba,29,2025-12-25
"情侣私发亲密照,新规认定不违法",false,tieba,30,2025-12-25
女神翻牌!王祖贤贴吧晒照送祝福,false,tieba,30,2025-12-25
精日实锤?原神套用日本军衔,false,tieba,30,2025-12-25
"内鬼里应外合,京东痛失亿元商品",true,tieba,30,2025-12-25
"嫌Kakao讲废话,Bin遭停赛请家长",false,tieba,30,2025-12-25
"同居≠性同意,小伙性侵女友入狱",true,tieba,30,2025-12-25
"童星流落街头,老美斩杀线已现形",false,tieba,30,2025-12-25
每天一个奇吧—桃核吧,false,tieba,30,2025-12-25
"领先6k被翻盘,WBG惨败LNG",false,tieba,30,2025-12-25
"OMG火力全开,2:0暴虐BLG",false,tieba,30,2025-12-25
"WB险胜青训破军,青春风暴来袭",false,tieba,30,2025-12-26
人民币重返6时代 钱袋子正在被重写,false,toutiao,1,2025-12-25
全国多地博物馆闭馆,false,toutiao,1,2025-12-26
歼36双机试飞意味着什么,false,toutiao,1,2025-12-27
史卫忠任最高检副检察长,false,toutiao,1,2025-12-27
何卫东被罢免全国人大代表职务,false,toutiao,1,2025-12-27
女子雪夜遇东北虎 感受“死亡凝视”,true,toutiao,1,2025-12-27
绍兴地铁撞死3名保洁员调查报告发布,false,toutiao,2,2025-12-25
男子在大理苍山观光步道外疑自缢身亡,false,toutiao,2,2025-12-25
官方调查食堂承包商举报校领导贪污,false,toutiao,2,2025-12-26
36岁银行女经理和丈夫先后自杀,false,toutiao,2,2025-12-27
永州队加冕2025湘超冠军,false,toutiao,2,2025-12-27
听，奋进的脚步,false,toutiao,3,2025-12-25
全链条发力 携手护粮安,false,toutiao,3,2025-12-25
致敬2025最闪耀的国之重器,false,toutiao,3,2025-12-25
中国经济热词图鉴,false,toutiao,3,2025-12-25
海南离岛免税购物成绩单出炉,false,toutiao,3,2025-12-26
5万公里！中国高铁里程新突破,false,toutiao,3,2025-12-26
大国工程见证中国之“变”,false,toutiao,3,2025-12-26
让世界看见中国速度和力量,false,toutiao,3,2025-12-27
中国农业发展向“新”而行,false,toutiao,3,2025-12-27
2025中国经济盘点,false,toutiao,3,2025-12-27
高盛：中国股市赚钱逻辑彻底变了,false,toutiao,4,2025-12-25
中方回应日本系统性介入南海行为,false,toutiao,4,2025-12-26
全球销量前十电动汽车8款来自中国,false,toutiao,4,2025-12-26
男子爱奇艺会员充了25年遇退费难,true,toutiao,4,2025-12-27
儿子完成母亲海葬遗愿后翻阅她QQ空间,false,toutiao,5,2025-12-25
听风的蚕回应被质疑专业性,false,toutiao,5,2025-12-26
国防科技大学学生到橘子洲头宣誓,false,toutiao,5,2025-12-26
美特种部队被曝即将控制贝拉1号油轮,false,toutiao,5,2025-12-26
谁会阻止疯狂的白银,false,toutiao,5,2025-12-27
高市早苗首次直接提及引进核潜艇,false,toutiao,6,2025-12-25
泽连斯基为何把矛头指向中国,false,toutiao,6,2025-12-25
贾国龙说如果重来坚决不硬刚,true,toutiao,6,2025-12-25
人民币大幅升值是好事吗,false,toutiao,6,2025-12-25
1人用身体撞人致其受伤抢救无效死亡,false,toutiao,6,2025-12-25
网警：这种转卖正侵犯公民个人信息,false,toutiao,6,2025-12-26
中方制裁20家美国企业,false,toutiao,6,2025-12-26
两人因车辆没电在高速推车被撞身亡,true,toutiao,6,2025-12-27
中产涌入海南抢黄金,false,toutiao,6,2025-12-27
美国患者医院哀嚎求助 医护视而不见,false,toutiao,7,2025-12-25
解放军全时待战 随时能战 战之必胜,false,toutiao,7,2025-12-25
正直播CBA常规赛：上海vs江苏,false,toutiao,7,2025-12-25
女子被丈夫闺蜜双重背叛一夜白头,true,toutiao,7,2025-12-26
人手不足 美无法扣押第3艘涉委油轮,false,toutiao,7,2025-12-26
法德英等国一致“强烈谴责”美国,false,toutiao,7,2025-12-26
台湾网友听到台湾终于被点激动哭了,false,toutiao,7,2025-12-27
幼童独自乘地铁 警方护送至幼儿园,false,toutiao,7,2025-12-27
正直播CBA：广厦vs深圳,false,toutiao,7,2025-12-27
公安最高悬赏25万追捕2名台湾嫌犯,false,toutiao,8,2025-12-25
人民币现金收付新规明年2月起施行,false,toutiao,8,2025-12-25
本科生发40多篇论文是天才还是少爷,false,toutiao,8,2025-12-25
“二舅刘宝华”月季何以打动全网,false,toutiao,8,2025-12-25
戒酒后你的生活有哪些改变,false,toutiao,8,2025-12-26
鸡蛋快配不上西红柿了,false,toutiao,8,2025-12-26
军报：军中绝不能有腐败分子藏身之地,false,toutiao,8,2025-12-27
你会自己计算养老金吗,false,toutiao,8,2025-12-27
你如何看烤鸡少年承认用肉宝王调味,true,toutiao,9,2025-12-25
校方称已督促退演出服学生结清货款,true,toutiao,9,2025-12-25
广厦主场狂胜辽宁豪取4连胜,false,toutiao,9,2025-12-25
家庭现金藏哪既安全又不易误扔,false,toutiao,9,2025-12-26
你见过动物跨界“再就业”吗,false,toutiao,9,2025-12-27
德航司备降航班上病亡乘客非中国公民,false,toutiao,9,2025-12-27
以色列为何选择承认索马里兰,false,toutiao,9,2025-12-27
超1900万年轻人在闲鱼“偷偷搞钱”,false,toutiao,9,2025-12-27
土耳其中部出现近700个巨大天坑,false,toutiao,10,2025-12-25
张桂梅卸任华坪女高校长？假的,false,toutiao,10,2025-12-25
广州一马拉松赛发布手铐型奖牌不实,false,toutiao,10,2025-12-25
医院回应女明星生产信息疑似被泄露,false,toutiao,10,2025-12-26
越南高铁的真正难题是什么,false,toutiao,10,2025-12-26
赖清德还能“赖”多久,false,toutiao,10,2025-12-26
4种小病不重视小心拖成癌,false,toutiao,10,2025-12-27
中华慈善总会辟谣5000亿补助行动,false,toutiao,10,2025-12-27
辽宁幼师15天虐童上千次获刑2年,true,toutiao,11,2025-12-25
599元买的羽绒服剪开全是飞丝,true,toutiao,11,2025-12-25
小伙因20万元彩礼被砍5刀？谣言,false,toutiao,11,2025-12-26
进出境行李拖带的这些坑不能踩,false,toutiao,11,2025-12-26
上海一街道辟谣将建大学,false,toutiao,11,2025-12-26
“嘎子哥”谢孟伟成老赖,false,toutiao,11,2025-12-27
44岁宋宁峰凭《老舅》爆火,false,toutiao,11,2025-12-27
河南许昌汽车站倒闭系谣言,false,toutiao,12,2025-12-25
短剧女演员休息时被男演员隔空扇耳光,false,toutiao,12,2025-12-25
马刺半个月三杀卫冕冠军雷霆,false,toutiao,12,2025-12-26
浓眉伤退 勇士圣诞大战擒独行侠,false,toutiao,12,2025-12-26
比特币在币安闪崩数秒反弹,false,toutiao,12,2025-12-26
湖人会五连败结束2025年吗,false,toutiao,12,2025-12-26
一家五口自驾游误入施工点遇难,false,toutiao,12,2025-12-26
野生东北虎母虎带五崽亮相,false,toutiao,12,2025-12-26
女子手机充电到天亮爆炸全身烧伤70%,false,toutiao,12,2025-12-26
广西北海金滩跨年夜可放烟花？假的,false,toutiao,12,2025-12-27
老人存167万消失突发脑梗后离世,true,toutiao,12,2025-12-27
54岁胡兵和47岁薛佳凝同框,false,toutiao,13,2025-12-25
《新闻联播》正在直播,false,toutiao,13,2025-12-25
电商把“文字游戏”玩出了新高度,true,toutiao,13,2025-12-25
外交部回应反制美对台军售,false,toutiao,13,2025-12-27
日本防卫省停止川崎重工参与招标,false,toutiao,13,2025-12-27
媒体：合同契约不是“权力说了算”,false,toutiao,13,2025-12-27
金饰价格破1400元黄金回收加工却遇冷,false,toutiao,13,2025-12-27
巴黎仓库被盗损失3亿？京东回应,false,toutiao,14,2025-12-25
萝卜纸巾猫为啥火了,true,toutiao,14,2025-12-25
小米17 Ultra定价6999元起,false,toutiao,14,2025-12-25
你看好成都蓉城启用年轻球员吗,false,toutiao,14,2025-12-26
浓眉伤病复发对独行侠影响有多大,false,toutiao,14,2025-12-26
詹姆斯里程悲 湖人圣诞大战惨败火箭,false,toutiao,14,2025-12-26
评论员：日本特色的“斩杀线”出现,false,toutiao,14,2025-12-26
中方回应日本领导人或参拜靖国神社,false,toutiao,14,2025-12-26
小米新机涨价 华为旗舰新机逆市降价,false,toutiao,14,2025-12-27
C罗身体年龄28岁,false,toutiao,14,2025-12-27
张升民任解放军选举委员会副主任,false,toutiao,14,2025-12-27
国际油价为何不涨反跌,false,toutiao,14,2025-12-27
博主：中国发展航母不为追赶美国,false,toutiao,15,2025-12-25
辽宁给农民评职称 拟设4个级别,false,toutiao,15,2025-12-25
印护士酒店找人敲错门被拖进房侵害,true,toutiao,15,2025-12-25
王健林名下一公司70%股权遭法拍,false,toutiao,15,2025-12-25
2个月宝宝被奶奶擦碘伏进ICU,true,toutiao,15,2025-12-25
朱孝天致歉,false,toutiao,15,2025-12-26
整治国企近亲繁殖要拔出萝卜带出泥,false,toutiao,15,2025-12-26
如何看待“美国中产斩杀线”,false,toutiao,15,2025-12-26
退休后你会去自驾游吗,false,toutiao,15,2025-12-27
东北虎野外种群恢复得益于什么,false,toutiao,15,2025-12-27
WTT更新2025年终世界第一,false,toutiao,15,2025-12-27
男子绘出巨型“天安门”成网红打卡点,true,toutiao,15,2025-12-27
身高两米女生穿明制汉服去故宫引围观,true,toutiao,15,2025-12-27
如何看央视曝“8架歼16打6架阵风”,false,toutiao,16,2025-12-25
美至少18个月内不对中国芯片加税,false,toutiao,16,2025-12-25
李凯尔发声：恢复美国国籍不实,false,toutiao,16,2025-12-25
NBA球队如何应对队内冲突,false,toutiao,16,2025-12-25
老人被城管推倒后离世？警方通报,true,toutiao,16,2025-12-25
糖尿病治疗迎来“智能时代”,false,toutiao,16,2025-12-25
2024年GDP最终核实为1348066亿,false,toutiao,16,2025-12-26
电影《寻秦记》发布终极海报,false,toutiao,16,2025-12-26
2秒加速至700km/h 中国再破纪录,false,toutiao,16,2025-12-26
你有哪些做菜的小窍门,false,toutiao,16,2025-12-26
日防卫大臣背80斤背包被女大臣碾压,false,toutiao,16,2025-12-26
老人看孙女写作业睡着狂扇巴掌,true,toutiao,16,2025-12-26
中方：日本正在危险方向上越走越远,false,toutiao,16,2025-12-26
日本正以惊人速度推进军国主义化,false,toutiao,16,2025-12-27
美国对华科技竞争战略为何调整,false,toutiao,16,2025-12-27
湖人会抓住机会交易里弗斯吗,false,toutiao,16,2025-12-27
你如何看待曼联1-0纽卡斯尔,false,toutiao,16,2025-12-27
沙特为什么突然空袭也门,false,toutiao,16,2025-12-27
俄国防部称已控制库皮扬斯克,false,toutiao,16,2025-12-27
男子偷发小100克黄金淡定陪同报警,true,toutiao,17,2025-12-25
普京给扎哈罗娃戴勋章后送花庆生,false,toutiao,17,2025-12-25
明年怎么“稳”房地产,false,toutiao,17,2025-12-25
8000多美元存1年亏1000多人民币,false,toutiao,17,2025-12-25
购物遇缺斤少两你会维权吗,true,toutiao,17,2025-12-25
沪指7连阳 全市场93只个股涨停,false,toutiao,17,2025-12-25
圣诞大战亚历山大能否复仇马刺,false,toutiao,17,2025-12-25
里夫斯伤退对湖人影响有多大,false,toutiao,17,2025-12-26
你向往的人生是什么样的,false,toutiao,17,2025-12-26
精神病患者滋事居民如何应对,false,toutiao,17,2025-12-26
大洛佩兹单场狂飙9记三分创生涯新高,false,toutiao,17,2025-12-27
四十岁负债还有机会从头开始吗,false,toutiao,17,2025-12-27
你遇见过通人性的动物吗,false,toutiao,18,2025-12-25
俄称美在委海岸实施封锁是侵略行为,false,toutiao,18,2025-12-25
中方持续升级对日反制措施核心是什么,false,toutiao,18,2025-12-25
学者：郑丽文已具备协调能力和魄力,false,toutiao,18,2025-12-25
学者：美国对委动手可能性越来越大,false,toutiao,18,2025-12-25
全国首台激光除草机在哈尔滨亮相,false,toutiao,18,2025-12-25
俄乌冲突真的要迎来拐点了吗,false,toutiao,18,2025-12-25
货车出事故货物遭哄抢 现场有人劝阻,true,toutiao,18,2025-12-25
你见过哪些珍稀邮票,false,toutiao,18,2025-12-25
你认为小波特最适合去哪支NBA球队,false,toutiao,18,2025-12-26
原配告第三者重婚罪案今日开庭,true,toutiao,18,2025-12-26
37%美国人拿不出400美元应急,false,toutiao,18,2025-12-26
唐驳虎：越南南北高铁8天不到就梦碎,false,toutiao,18,2025-12-26
你看好哪支球队拿下湘超冠军,false,toutiao,18,2025-12-26
台民意机构通过赖清德弹劾提案,false,toutiao,18,2025-12-26
大学生表演飞扇现场一片惊呼,false,toutiao,18,2025-12-26
北京通州站将于12月30日开通投运,false,toutiao,18,2025-12-26
你看好中国女排青年人才吗,false,toutiao,18,2025-12-27
经济学家预测2026年金银价格将爆发,false,toutiao,18,2025-12-27
日本推出人扮大熊猫游客体验活动,true,toutiao,18,2025-12-27
“小作文”催缴物业费为何获业主点赞,true,toutiao,18,2025-12-27
画《江南春》的仇英：油漆匠逆袭记,false,toutiao,18,2025-12-27
霍震霆将出席省港杯开幕活动,false,toutiao,18,2025-12-27
车厘子价格大跳水 有人欢喜有人愁,false,toutiao,19,2025-12-25
近距离感受福建舰电磁弹射爆发力,false,toutiao,19,2025-12-25
从9校招44名学生有偿陪侍 多人获刑,true,toutiao,19,2025-12-25
特朗普回应克林顿大尺度照被公布,false,toutiao,19,2025-12-25
NASA新局长：中国空间站烤鸡翅很酷,false,toutiao,19,2025-12-25
日本为拥核开始碰瓷中美,false,toutiao,19,2025-12-25
美智库：核动力航母战略价值远超想象,false,toutiao,19,2025-12-25
福建舰厨房为何不能用明火,false,toutiao,19,2025-12-25
人民币升值使美元存款成“负收益”,false,toutiao,19,2025-12-25
业内：明年或是中国股市配置价值元年,false,toutiao,19,2025-12-25
医生说洋葱是能吃的心脏支架,false,toutiao,19,2025-12-25
阿如那首次挑战癫狂反派角色,false,toutiao,19,2025-12-26
春节能放炮了吗,false,toutiao,19,2025-12-26
钟南山妻子李少芬入选中国篮球名人堂,false,toutiao,19,2025-12-26
毛新宇携家人到毛主席纪念堂祭奠,false,toutiao,19,2025-12-26
周大福“牛马”吊坠被指阴阳打工人,true,toutiao,19,2025-12-26
一老人在无水无电山洞居住多年,true,toutiao,19,2025-12-26
北平锋：美国应停止纵容“台独”冒险,false,toutiao,19,2025-12-27
学者：高市和美将台湾推向更危险边缘,false,toutiao,19,2025-12-27
日媒：日本2026年将加速对外供武,false,toutiao,19,2025-12-27
萌娃推倒电动车被脚撑撅飞,true,toutiao,19,2025-12-27
金银铜暴涨是什么因素促发的,false,toutiao,19,2025-12-27
云南问责16名厅级干部,false,toutiao,19,2025-12-27
九旬老人两个孩子去世 全村都瞒着,true,toutiao,20,2025-12-25
乌军今年接收300万架FPV无人机,false,toutiao,20,2025-12-25
在岸人民币兑美元升破7.01元关口,false,toutiao,20,2025-12-25
00后班主任“不着调”风格走红网络,true,toutiao,20,2025-12-25
离岸人民币对美元汇率重回“6”时代,false,toutiao,20,2025-12-25
A股跨年行情是否悄然开启,false,toutiao,20,2025-12-25
第一视角看2秒飙到时速700公里,false,toutiao,20,2025-12-25
41岁“国民舅妈”王佳佳终被看见,false,toutiao,20,2025-12-25
周锡玮：高市决定恐让日本自陷险境,false,toutiao,20,2025-12-26
日媒曝石破茂再批高市,false,toutiao,20,2025-12-26
A股霸气拿下8连阳释放何种信号,false,toutiao,20,2025-12-26
深圳博物馆因展品“过于接地气”出圈,true,toutiao,20,2025-12-26
菲律宾渔民海上漂3天中国海军救援,false,toutiao,20,2025-12-27
曝印度男子夜举火把给太阳能板充电,true,toutiao,20,2025-12-27
美学者：台湾不应成为美挑衅大陆的刺,false,toutiao,20,2025-12-27
博主：咖啡因饮料是准毒品系无稽之谈,false,toutiao,20,2025-12-27
美国小伙在武当习武15年,false,toutiao,20,2025-12-27
6年前3万6的钻戒现在只值四五百,true,toutiao,20,2025-12-27
湘超最火“背时女团”现身决赛现场,false,toutiao,20,2025-12-27
利比亚军事领导人坠机身亡,false,toutiao,21,2025-12-25
河南一宗族恶势力团伙5人获刑,false,toutiao,21,2025-12-25
俄乌大量光纤无人机参战密如蛛网,false,toutiao,21,2025-12-25
16省已归还挪用的惠农补贴37亿,false,toutiao,21,2025-12-25
紫燕百味鸡店员打包时偷走牛肉,true,toutiao,21,2025-12-25
男子被植入6个支架后心脏骤停去世,true,toutiao,21,2025-12-25
人民币升值别期待“一口吃成胖子”,false,toutiao,21,2025-12-25
台湾网红馆长抵达广州,false,toutiao,21,2025-12-25
“鹅毛大雪”具象化,false,toutiao,21,2025-12-25
《长安二十四计》为何值得一看,false,toutiao,21,2025-12-26
名嘴：美居心叵测把台湾地区当炮灰,false,toutiao,21,2025-12-26
携程回应柬埔寨合作争议,false,toutiao,21,2025-12-26
江苏纪委书记：让躺平者无处可躺,false,toutiao,21,2025-12-26
中方批日本防卫预算再创历史新高,false,toutiao,21,2025-12-26
媒体：南博前院长徐湖平被带走调查,false,toutiao,21,2025-12-27
女副部王峻被查,false,toutiao,22,2025-12-25
陈芋汐：与全红婵关系不会被舆论左右,false,toutiao,22,2025-12-25
态度强硬 日本官员再惹风波,false,toutiao,22,2025-12-25
特斯拉在欧洲为何卖不动了,false,toutiao,22,2025-12-25
赖岳谦：日本发展核武威胁不了中国,false,toutiao,22,2025-12-25
特朗普级战列舰要泡汤吗,false,toutiao,22,2025-12-25
美国为何着急打压中国无人机,false,toutiao,22,2025-12-25
卫生院原院长2年未到岗上班被解聘,true,toutiao,22,2025-12-25
人民币汇率破7对房价股市有何影响,false,toutiao,22,2025-12-25
五月天经纪公司回应逃税洗钱举报,false,toutiao,22,2025-12-25
谁在给人民币“添柴加火”,false,toutiao,22,2025-12-25
国防部回应日美联合演习,false,toutiao,22,2025-12-25
中国为什么没有美国的“斩杀线”,false,toutiao,22,2025-12-25
碳水的错误吃法,false,toutiao,22,2025-12-26
谁有望成为商业航天第一股,false,toutiao,22,2025-12-26
黄国昌批赖清德是“三不领导人”,false,toutiao,22,2025-12-26
美无家可归者努力工作仍难逃“斩杀”,false,toutiao,22,2025-12-26
郑丽文计划明年到访大陆,false,toutiao,22,2025-12-27
明年全国两会召开时间公布,false,toutiao,22,2025-12-27
“高市路线”给日本指的是活路吗,false,toutiao,22,2025-12-27
中国共同富裕如何筑牢社会安全网,false,toutiao,22,2025-12-27
美为何要“隔离”委内瑞拉石油2个月,false,toutiao,22,2025-12-27
海南封关不止买东西更便宜,false,toutiao,22,2025-12-27
东北硬核扫雪天团,false,toutiao,23,2025-12-25
雷神山医院原院长王行环被撤销政协委员,false,toutiao,23,2025-12-25
全球油价明年或先抑后扬,false,toutiao,23,2025-12-25
旅客高铁上突发中风 医护人员救治,false,toutiao,23,2025-12-25
包馄饨得从娃娃抓起,false,toutiao,23,2025-12-25
沪指七连阳之后 如何看本轮反弹高度,false,toutiao,23,2025-12-25
日本核试探或酿重大灾难,false,toutiao,23,2025-12-26
全国人大外事委员会对美发声,false,toutiao,23,2025-12-26
“毛泽东号”司机每天擦拭主席像,false,toutiao,23,2025-12-26
两车相撞肇事司机竟是2只牧羊犬,true,toutiao,23,2025-12-26
部分退役军人抚恤补助标准再次提高,false,toutiao,23,2025-12-26
中南大学副校长郭学益被查,false,toutiao,23,2025-12-27
弹劾赖清德提案通过证明民意不可违,false,toutiao,23,2025-12-27
新的一年请更爱老己一点,false,toutiao,23,2025-12-27
国民党宣布礼让现任新竹市长高虹安,false,toutiao,23,2025-12-27
蜜雪冰城美国店外国小哥用中文点单,false,toutiao,23,2025-12-27
王楚钦边吃东西边给梁靖崑竖大拇指,false,toutiao,23,2025-12-27
湘超决赛场外的无名英雄,false,toutiao,23,2025-12-27
美报告称2035年中国或有9艘航母,false,toutiao,24,2025-12-25
在东北一切皆可雪洗,false,toutiao,24,2025-12-25
颁奖现场合影时魏哲浩坚持站最边上,false,toutiao,24,2025-12-25
电影《得闲谨制》观影人次破1000万,false,toutiao,24,2025-12-25
为何不吸烟女性反而成肺癌“重灾区”,false,toutiao,24,2025-12-25
年底银行兴起“存款大战”,false,toutiao,24,2025-12-25
女子当着老板的面偷烟,true,toutiao,24,2025-12-25
日本名古屋丰臣秀吉雕像“被斩首”,true,toutiao,24,2025-12-25
高市早苗亲信鼓吹“日本应拥核”,false,toutiao,24,2025-12-25
演员李宏毅被限制高消费,false,toutiao,24,2025-12-25
美军封锁委石油 马杜罗如何自救,false,toutiao,24,2025-12-25
灵缇犬追野兔上演速度与激情,false,toutiao,24,2025-12-25
952名中国籍涉电诈嫌犯被押解回国,false,toutiao,24,2025-12-26
毛主席诞辰132周年,false,toutiao,24,2025-12-26
男子身份信息被冒用长达21年,true,toutiao,24,2025-12-26
危急时刻10岁小孩拦下1岁幼童,false,toutiao,24,2025-12-26
沙特空袭也门 现场腾起蘑菇云,false,toutiao,24,2025-12-26
胡塞武装是彻底沉寂还是在酝酿动作,false,toutiao,24,2025-12-26
疑似第3架歼-36原型机首飞意味什么,false,toutiao,24,2025-12-26
俄男子喝液氮鸡尾酒胃部瞬间撑爆,true,toutiao,24,2025-12-26
国防部回应美机密报告称无力“保台”,false,toutiao,24,2025-12-26
电动两轮车行业迎来洗牌时刻,false,toutiao,24,2025-12-26
赵睿面对旧主打出超强表现,false,toutiao,24,2025-12-27
媒体人：弹劾案通过对赖清德是侮辱,false,toutiao,24,2025-12-27
柬泰同意停火,false,toutiao,24,2025-12-27
白宫28岁发言人与60岁丈夫宣布怀孕,false,toutiao,24,2025-12-27
杨瀚森遭雪藏 快船大胜开拓者,false,toutiao,24,2025-12-27
中方制裁20家美国企业有何意义,false,toutiao,24,2025-12-27
歌唱家李雨儿为永州队加油,false,toutiao,24,2025-12-27
湘超“永州蓝”冲锋衣热销,false,toutiao,24,2025-12-27
中纪委：大力整治豪华年夜饭,false,toutiao,25,2025-12-25
游客与大猩猩对视一眼开始“斗舞”,true,toutiao,25,2025-12-25
人还在南方 行李已到哈尔滨,true,toutiao,25,2025-12-25
男子性侵醉酒女子获刑3年2个月,true,toutiao,25,2025-12-25
美军将聚焦对委封锁与石油制裁管控,false,toutiao,25,2025-12-25
陈芋汐曾在赛前收到“威胁短信”,false,toutiao,25,2025-12-25
高市早苗为何要赶在特朗普访华前访美,false,toutiao,25,2025-12-25
郑丽文：蔡英文发声让赖清德芒刺在背,false,toutiao,25,2025-12-25
美海岸警卫队暂难扣押涉委油轮,false,toutiao,25,2025-12-25
评论员：特朗普级战舰就是活靶子,false,toutiao,25,2025-12-25
卢伟冰发布小米汽车最新交付成绩,false,toutiao,25,2025-12-26
卢伟冰将7999元小米新机口误成799,false,toutiao,25,2025-12-26
银行柜员辞职当交警 5年两次跨界,false,toutiao,25,2025-12-26
成毅说方文山写的就是谢淮安,false,toutiao,25,2025-12-26
俄回应乌新版和平计划称一切战场定,false,toutiao,25,2025-12-26
约基奇56分超级三双！掘金胜森林狼,false,toutiao,25,2025-12-26
扎哈罗娃用两个词概括2025年俄中关系,false,toutiao,25,2025-12-26
李在明政府为何没判尹锡悦终身监禁,false,toutiao,25,2025-12-26
“抓猪大赛”小姐姐抱起猪就跑,true,toutiao,25,2025-12-26
博主：中国或打造第三支海上战力,false,toutiao,25,2025-12-26
学者：日本新一代主力舰要动工了,false,toutiao,25,2025-12-26
菲渔船滞留海上 中国海军紧急救援,false,toutiao,25,2025-12-27
5种常见癌前病变你能识别吗,false,toutiao,25,2025-12-27
日本议员和民众集会反对高市错误言行,false,toutiao,25,2025-12-27
日本新财年拟用560亿日元建弹药库,false,toutiao,25,2025-12-27
探访浙江庞莱臣旧宅：展出9件真迹,false,toutiao,25,2025-12-27
用湘超视角解读“湖南人精神”,false,toutiao,25,2025-12-27
王鸿薇：美国不可能介入台海战争,false,toutiao,25,2025-12-27
江西“小孩姐”陈思杨蝉联全国冠军,false,toutiao,25,2025-12-27
媒体：日本赌国运的迷梦早该醒醒了,false,toutiao,25,2025-12-27
金莎被男友求婚,false,toutiao,26,2025-12-25
沈阳扫雪车弄脏私家车 环卫致歉,false,toutiao,26,2025-12-25
南海部分海域进行火箭发射禁止驶入,false,toutiao,26,2025-12-25
乌无人机绑钓鱼竿击落6架俄无人机,false,toutiao,26,2025-12-25
郑丽文：全世界没有国家支持“台独”,false,toutiao,26,2025-12-25
评论员：爱泼斯坦案成美政坛闹剧,false,toutiao,26,2025-12-25
朝鲜新型核潜艇全貌曝光能看出什么,false,toutiao,26,2025-12-25
委内瑞拉将妨碍航运贸易行为定为犯罪,false,toutiao,26,2025-12-25
美俄英法对高市错误言行是何态度,false,toutiao,26,2025-12-25
俄可能拒绝美乌和平计划？美媒解读,false,toutiao,26,2025-12-25
国防部：日本应真心道歉认罪赎罪,false,toutiao,26,2025-12-25
俄战略轰炸机巡航遭外国战机伴飞,false,toutiao,26,2025-12-25
当美国人被一条“斩杀线”击中,false,toutiao,26,2025-12-25
《长安二十四计》三大悬疑点揭开面纱,false,toutiao,26,2025-12-25
女子拿刀上门骚扰 邻居全家不敢出门,true,toutiao,26,2025-12-25
狗妈妈叼着油条奔跑5公里投喂幼崽,true,toutiao,26,2025-12-25
专家谈老人被城管推倒后离世,true,toutiao,26,2025-12-26
谁设计了美国的“斩杀线”,false,toutiao,26,2025-12-26
媒体人谈台南绿营初选林俊宪能否出线,false,toutiao,26,2025-12-26
专家：航母技术中国已领跑,false,toutiao,26,2025-12-26
送到斩杀线下：美前童星沦为流浪汉,false,toutiao,26,2025-12-26
彭珮云同志生平,false,toutiao,26,2025-12-26
白银牛市要凉了吗,false,toutiao,26,2025-12-26
台行政主管部门收紧赴大陆管制遭批,false,toutiao,26,2025-12-26
台评论员揭绿营“穷兵黩武”背后恐慌,false,toutiao,26,2025-12-26
美“斩杀线”：从社会托底到个人兜底,false,toutiao,26,2025-12-26
“临时工”不是暴力执法挡箭牌,false,toutiao,26,2025-12-27
电影《四渡》定档官宣,false,toutiao,26,2025-12-27
李梦称自己的衣服不丑只是美得很小众,false,toutiao,26,2025-12-27
游客玩手机时被骡子货袋撞倒滚下山坡,true,toutiao,26,2025-12-27
安徽一小区楼栋底商门头垮塌,true,toutiao,26,2025-12-27
霸王茶姬栽在咖啡因里,true,toutiao,26,2025-12-27
“老虎”叶寒冰再被通报：违规占用公车,false,toutiao,26,2025-12-27
评论员：特朗普搞和平总是制造敌人,false,toutiao,26,2025-12-27
特朗普为何又索要盟友的领土,false,toutiao,26,2025-12-27
台网友实拍岛内车牌全是“台湾省”,false,toutiao,27,2025-12-25
电动车碰瓷新套路,true,toutiao,27,2025-12-25
男子发现女儿非亲生 多部门调解,true,toutiao,27,2025-12-25
日本计划明年在太平洋海底试挖稀土,false,toutiao,27,2025-12-25
詹杜将迎来生涯第44次对决,false,toutiao,27,2025-12-25
外地消费者为何要去胖东来买黄金,true,toutiao,27,2025-12-25
商务部回应美封锁进出委受制裁油轮,false,toutiao,27,2025-12-25
外国女婿铁蛋儿一家回美国过圣诞,false,toutiao,27,2025-12-25
乌总统缘何主动披露“和平计划”草案,false,toutiao,27,2025-12-25
孙颖莎确认不出战2025乒超总决赛,false,toutiao,27,2025-12-26
男子毒杀未成年儿女被判死刑,true,toutiao,27,2025-12-26
火箭以2胜4负结束六连客之旅,false,toutiao,27,2025-12-26
王楚钦代表运动员宣誓后立刻开溜,false,toutiao,27,2025-12-26
泽连斯基圣诞致辞诅咒普京 克宫怒斥,false,toutiao,27,2025-12-26
日本拥核意愿不断升温后果有多严重,false,toutiao,27,2025-12-26
广东险胜山东迎六连胜,false,toutiao,27,2025-12-26
沪深交易所公布2026年降费让利措施,false,toutiao,27,2025-12-27
南京官宣：退役军人免费畅行,false,toutiao,27,2025-12-27
陈挥文回应王世坚呛“废死联盟”,false,toutiao,27,2025-12-27
评论员：美方借盟友虚张声势骚扰中国,false,toutiao,27,2025-12-27
苑举正称想在大陆买房：苏杭最舒适,false,toutiao,27,2025-12-27
写作文走红农民工回忆母亲湿了眼眶,true,toutiao,27,2025-12-27
深圳天气迎来大反转,false,toutiao,27,2025-12-27
王传福称直管经理一半出自应届生,false,toutiao,27,2025-12-27
钻石的“保值神话”为何碎了,false,toutiao,27,2025-12-27
经纪公司声明：李凯尔仍是中国国籍,false,toutiao,28,2025-12-25
泰军在柬赌场发现狮子黑熊,false,toutiao,28,2025-12-25
福建舰只有拔罐用明火 厨房都不行,false,toutiao,28,2025-12-25
超7万人为女运动员投票选裤装,false,toutiao,28,2025-12-25
博主：泽连斯基在单方面对俄提要求,false,toutiao,28,2025-12-25
郑栅洁：春节放假9天回应了社会期待,false,toutiao,28,2025-12-25
徒步爱好者冰瀑救山羊,false,toutiao,28,2025-12-25
男子为给女友买玉石坐硬座到胖东来,true,toutiao,28,2025-12-25
湘超总决赛永州VS常德,false,toutiao,28,2025-12-25
每天早睡1小时的人有什么变化,false,toutiao,28,2025-12-25
辽篮遭遇惨败杨鸣呆坐教练席,false,toutiao,28,2025-12-26
香港小姐姐到哈尔滨看雪,false,toutiao,28,2025-12-26
媒体：郑丽文示范如何从羊群变狮群,false,toutiao,28,2025-12-26
年终奖和十三薪的区别,false,toutiao,28,2025-12-26
歼-20弹射已经在研究中了吗,false,toutiao,28,2025-12-26
李在明为何在涉华海洋问题上突然强硬,false,toutiao,28,2025-12-26
2026年中国房地产迎关键发展,false,toutiao,28,2025-12-26
驻村书记靠“蹭饭”走红网络,false,toutiao,28,2025-12-26
8岁女孩染色体正常但性腺呈“双性”,true,toutiao,28,2025-12-26
地缘局势不确定性推动油价反弹,false,toutiao,28,2025-12-26
我国首次记录野生东北虎“六虎同框”,false,toutiao,28,2025-12-27
女子产后复工72岁公公主动帮带娃,false,toutiao,28,2025-12-27
2025年中日关系：高开低走一波三折,false,toutiao,28,2025-12-27
汪峰长沙演唱会撞上湘超总决赛,false,toutiao,28,2025-12-27
新华社评出2025年中国十佳运动员,false,toutiao,28,2025-12-27
潮汕舞狮少年包机转院就医,false,toutiao,28,2025-12-27
火箭军全域慑战迈出坚定步伐,false,toutiao,28,2025-12-27
“老舅”郭京飞：折腾的人生不白活,false,toutiao,28,2025-12-27
天津女排3-1战胜上海女排,false,toutiao,28,2025-12-27
民警破冰取出国旗,false,toutiao,28,2025-12-27
郑州温泉大集每天至少上万人,false,toutiao,29,2025-12-25
学者：特朗普锚定“第四处战场”,false,toutiao,29,2025-12-25
河南商丘空地冒出大量全新手机壳,true,toutiao,29,2025-12-25
吕良伟70岁生日宴举行,false,toutiao,29,2025-12-25
住建部为何再提现房销售制,false,toutiao,29,2025-12-25
马特透露王楚钦、孙颖莎伤病已好转,false,toutiao,29,2025-12-25
赵波任四川甘孜州委书记,false,toutiao,29,2025-12-25
七名小学生吵架到派出所评理,true,toutiao,29,2025-12-25
陈伟霆谈最后悔的事情,false,toutiao,29,2025-12-25
专家驳斥美方炒作“解放军2027攻台”,false,toutiao,29,2025-12-26
俄建议日本修建军国主义受害者纪念堂,false,toutiao,29,2025-12-26
媒体：多放假少调休 让国人从容过春节,false,toutiao,29,2025-12-26
李好伊一助阵湘超决赛,false,toutiao,29,2025-12-26
保定大量商户因检查关门？市监局回应,true,toutiao,29,2025-12-26
人民币升太快了吗,false,toutiao,29,2025-12-26
唐湘龙：民进党就是台湾最大诈骗集团,false,toutiao,29,2025-12-26
记者：朝鲜半岛逐渐成为“军备场”,false,toutiao,29,2025-12-26
为何中国卫星成了商业航天的龙头,false,toutiao,29,2025-12-26
韩国盯上越南稀土,false,toutiao,29,2025-12-26
青海木里矿区非法采矿案赔偿超50亿元,false,toutiao,29,2025-12-26
柬首相夫人哽咽：愿国家重回和平,false,toutiao,29,2025-12-27
中方奉劝纳瓦罗之流认真反思错误,false,toutiao,29,2025-12-27
狗狗拉练20分钟后突然“石化”,true,toutiao,29,2025-12-27
海南封关后第一批中产去抢金子了,false,toutiao,29,2025-12-27
小米造了台能打电话的徕卡,false,toutiao,29,2025-12-27
载有140头牛半挂车侧翻 志愿者帮忙,true,toutiao,29,2025-12-27
周锡玮母亲叮嘱他回大陆老家挖大洋,false,toutiao,29,2025-12-27
2025年A股诞生7只十倍股,false,toutiao,30,2025-12-25
国台办回应日本政客窜访台湾,false,toutiao,30,2025-12-25
北京科技大学党委书记校长同时调整,false,toutiao,30,2025-12-25
中方要求美方立即停止“武装台湾”,false,toutiao,30,2025-12-25
外交部批高市早苗侧近人士再发谬论,false,toutiao,30,2025-12-25
医学本科生被曝一年发论文40多篇,true,toutiao,30,2025-12-25
王楚钦出发前往南京,false,toutiao,30,2025-12-25
专家：委内瑞拉称美军为海盗很贴切,false,toutiao,30,2025-12-25
博主：人民币长期升值趋势已成,false,toutiao,30,2025-12-25
“台独”挑衅一次解放军就进逼一步,false,toutiao,30,2025-12-25
为什么说机器人的“手”超难做,false,toutiao,30,2025-12-25
地缘宏观专家：委内瑞拉救不了油价,false,toutiao,30,2025-12-25
牛市会一路涨上去吗,false,toutiao,30,2025-12-25
商业航天板块迎密集利好,false,toutiao,30,2025-12-25
越南最大企业撤回南北高铁投资登记,false,toutiao,30,2025-12-25
中方：不与任何国家进行核军备竞赛,false,toutiao,30,2025-12-26
新部署超100枚洲际导弹？国防部回应,false,toutiao,30,2025-12-26
商务部回应美加征301关税,false,toutiao,30,2025-12-26
汪文斌：中柬友谊值得倍加珍惜,false,toutiao,30,2025-12-26
海南商业航天发射场十战十捷,false,toutiao,30,2025-12-26
邵永灵：俄乌“第二战线”激烈交锋,false,toutiao,30,2025-12-26
美国一便利店遭强拆式“0元购”,true,toutiao,30,2025-12-26
小伙画“天安门”让全村老人圆首都梦,false,toutiao,30,2025-12-26
董明珠：坚持信念随时准备“战斗”,false,toutiao,30,2025-12-26
封关后的海南汽车到底能不能买,false,toutiao,30,2025-12-27
2025最后几天冷暖大反转,false,toutiao,30,2025-12-27
女子在长隆动物园遇斑马下班,true,toutiao,30,2025-12-27
福建舰电弹“0帧”急停含金量有多高,false,toutiao,30,2025-12-27
电影《寻秦记》会是生不逢时吗,false,toutiao,30,2025-12-27
美报告称5国想买歼10C 3国想买歼35,false,toutiao,30,2025-12-27
乌克兰新总统基本确定了吗,false,toutiao,30,2025-12-27
台媒：解放军20机舰台岛周边活动,false,toutiao,30,2025-12-27
福建舰电磁弹射有多牛,false,toutiao,30,2025-12-27
叶巴滩水电站首批机组投产,false,toutiao,30,2025-12-27
越南“南北高铁”项目究竟难在哪里,false,toutiao,30,2025-12-27
博主称自己考研北大，凌晨备考冲刺后睡过头了，有人评论这是大脑「保命」的选择，是这样吗？有什么科学依据？,true,zhihu,1,2025-12-25
监视员工的软件被公开叫卖，员工微信聊天像「裸奔」，使用这种软件违反了哪些法律？公司要承担怎样的责任？,true,zhihu,1,2025-12-25
如何评价睡前消息称国产茶类饮品（点名某茶姬）咖啡因含量过高，是准毒品的擦边球？,true,zhihu,1,2025-12-26
男子买卤蛋页面标注「10-9 枚」，到手仅 1 枚，客服称中间是减号，这解释站得住脚吗？算虚假宣传吗？,true,zhihu,1,2025-12-27
五六十度的水就能让猪肉发白，人的食道内脏是怎么抗高温的?,false,zhihu,2,2025-12-25
如何看待云南丽江文旅公开发函喊话小红书审核避雷贴？丽江旅拍究竟是被抹黑，还是积弊已久？,true,zhihu,2,2025-12-25
离岸人民币兑美元升破 7.0 大关，主要受哪些因素影响？「破 7」将带来哪些改变？,false,zhihu,2,2025-12-25
京东年终奖投入涨幅超 70%，采销平均 25 薪，如何看待京东在员工薪酬福利方面的投入？,true,zhihu,2,2025-12-25
贾国龙预制菜风波后发声，称靠吃安眠药入睡，如果能重来坚决不硬刚，如何看待西贝未来的发展？,true,zhihu,2,2025-12-26
泰国与柬埔寨就停火问题签署联合声明，双方会彻底停火吗？,false,zhihu,2,2025-12-27
郑州中原保时捷中心疑似跑路，保时捷中国称正与警方核查事实，具体是怎么回事？车主该如何维护自己的权益？,true,zhihu,3,2025-12-25
日本半年多捕杀 9765 头熊，遭遇「熊尸围城」，熊尸有哪些好的处理办法？这些熊肉可以食用吗？,true,zhihu,3,2025-12-26
领导鼓励我「不懂就问」，但当我真正提问时他却显得不耐烦，我该如何处理这种矛盾？,false,zhihu,3,2025-12-27
吉利汽车旗下公司起诉电池企业欣旺达「电芯存在质量问题」，索赔 23 亿元，将对其业务造成哪些冲击？,false,zhihu,3,2025-12-27
南方黑芝麻糊被指「主角不是黑芝麻」，企业回应符合国标，这合理吗？算是虚假宣传吗？,true,zhihu,4,2025-12-25
女子为出片擅闯在建地铁隧道拍照，她是怎么进去的？除了她本人，管理方又该承担哪些责任？,true,zhihu,4,2025-12-26
《飞驰人生 3》定档 2026 年春节上映，对此你有哪些期待？,false,zhihu,4,2025-12-26
胖东来新店售卖签名球衣，包括乔丹、梅西、姆巴佩等球星，最贵 138000 元，这背后的商业考量是什么？,false,zhihu,4,2025-12-27
将「无座」解释为「无固定座位 / 无预留座位」，是「无座」诞生之初就如此定义，还是近年来才有的解释？,false,zhihu,5,2025-12-25
体育评论员杨毅称抖音与 CBA 电商带货保底金额仅小几千万，这透露出 CBA 联赛怎样的商业价值？,false,zhihu,5,2025-12-25
为什么我们的教材总把科学发现写成「从天而降」？数学、物理的思想革命去哪了？,false,zhihu,5,2025-12-25
天山胜利隧道正式通车，刷新世界最长高速公路隧道纪录，对当地出行意味着什么？「打通天山」有多难？,false,zhihu,5,2025-12-26
为什么全球的水没有慢慢渗到地球内部去，是地精给地球表面做了防渗水吗？,false,zhihu,5,2025-12-27
浙江多地高额补贴专科生，最高 18000 元 / 人，怎样看待这一政策？,false,zhihu,5,2025-12-27
为什么从前的 720p 感觉比现在的 720p 要清晰?,false,zhihu,6,2025-12-25
美国斩杀线为什么刚好在 1/e 附近？,false,zhihu,6,2025-12-25
科学家培育出「不用挑刺」的鲫鱼，称口感没有变化，这种鱼是怎么培育出来的？离上餐桌还有多远？,false,zhihu,6,2025-12-26
为什么元朝的郭守敬都没有发现地球是圆的？,false,zhihu,6,2025-12-26
年售 10 亿元的儿童常用止咳药孟鲁司特增加「抑郁和自杀倾向」警示，这个副作用影响大吗？需要注意什么？,true,zhihu,6,2025-12-27
如何看待网友发现疑似部分爱泼斯坦涂黑文件实际未脱敏？,false,zhihu,7,2025-12-25
如何评价 NBA 状元本西蒙斯转行成为职业钓鱼佬？背后蕴藏着怎样的商业逻辑？,false,zhihu,7,2025-12-25
夫妻俩公考虚假报名 758 次获刑，「注水」刷人数围岗非法获利 2 万多元，这种行为影响有多大？,true,zhihu,7,2025-12-25
温州医科大学一本科生被曝一年发 40 多篇论文，校方回应称正在处理，怎样看待他的发文速度和质量？,true,zhihu,7,2025-12-25
为啥川普这么大年龄天天把可乐当水喝，人还没事？,false,zhihu,7,2025-12-26
网红面包店一年闭店近 9 万家，平均寿命 32 个月，为什么会这样？大家现在都去哪里买面包？,false,zhihu,7,2025-12-27
为什么欧日俄印在面对跟 spacex 越来越大的差距时，没有像中国这样焦急地追赶？,false,zhihu,8,2025-12-25
金正恩指导 8700 吨级核动力战略导弹潜艇建造工作，该潜艇对朝鲜海军有哪些重要意义？预计性能如何？,false,zhihu,8,2025-12-25
周大福牛马吊坠被指「阴阳打工人」，你怎样看待这一设计？你觉得被阴阳了吗？,true,zhihu,8,2025-12-26
「斩杀线」现象的广泛讨论，是否标志着美国梦「完美滤镜」的打破？,false,zhihu,8,2025-12-27
为什么近期很多学术期刊在招聘或成立青年编委会？,false,zhihu,9,2025-12-25
如何评价 Gumayusi 近期舆论翻车？,false,zhihu,9,2025-12-25
为什么《喜羊羊与灰太狼》与《猫和老鼠》有截然不同的口碑？,false,zhihu,9,2025-12-25
陈芋汐接受水均益采访，回忆被持续网暴甚至被「开盒」造谣「有后台」的经历，对此你怎么看？,false,zhihu,9,2025-12-26
河南 4 所高校拟申报本科学校，更名为大学，例如「中原工学院」改为「河南电子科技大学」，如何评价？,false,zhihu,9,2025-12-26
霸王茶姬美股跌超 14%，创上市以来新低，其咖啡因争议影响有多大？现在做什么才能挽回声誉？,false,zhihu,9,2025-12-27
石宇奇、孙颖莎等入选新华社 2025 中国十佳运动员，怎样评价他们在今年比赛中的表现？,false,zhihu,9,2025-12-27
中国电视剧在外国热度怎么样，接受度如何，例如韩国，泰国，越南等等？,false,zhihu,9,2025-12-27
出门吃烤鱼发现烤鱼店好像很少用鲤鱼，这是为什么？,false,zhihu,10,2025-12-25
为什么国产 3A 游戏不喜欢做《赛博 2077》《死亡搁浅》等末世科幻题材，而喜欢做古代题材？,false,zhihu,10,2025-12-25
2025 知乎影视高分榜上线，哪吒 2、南京照相馆、唐探 1900 入榜前 3，你认可吗？还有哪些推荐？,false,zhihu,10,2025-12-25
美国宣布未来 18 个月不对中国芯片加征额外关税，会对芯片市场带来怎样的影响？,false,zhihu,10,2025-12-25
有人说「吃酱油会让皮肤变黑」，尤其是受伤后吃会留深色疤痕，这是真的吗？,false,zhihu,10,2025-12-26
美国普通人掉入「斩杀线」，如何才能扭转局面？,false,zhihu,10,2025-12-27
安洗莹单年胜率高达胜 94.8%，超越林丹成为历史最高，如何评价这项成就？,false,zhihu,11,2025-12-25
《阿凡达 3》里面的女神 eywa 到底是啥身份，难道是地球人飞升的？,false,zhihu,11,2025-12-25
金价、银价、铜价，均创历史新高，发生了什么？后市怎么走？,false,zhihu,11,2025-12-25
海南封关对新加坡有影响吗？,false,zhihu,11,2025-12-26
如果只能用一个词来形容人和 AI 的区别以及人类的不可代替之处，你会选哪个词？为什么？,false,zhihu,11,2025-12-26
怎么评价 Bellard 发布的新 JavaScript 运行时 mquickjs?,false,zhihu,11,2025-12-26
2025，我真的 ___ 了？个人报告中，你的年度关键词是什么，有哪些难忘的数据回顾？,false,zhihu,11,2025-12-27
微软对 C++ 的影响力有多大？,false,zhihu,11,2025-12-27
6 名大学生参观矿企坠落溺亡调查报告公布，人员偏离安全路线，42 人被追责问责，还有哪些信息值得关注？,false,zhihu,11,2025-12-27
网友讨论美国存在「斩杀线」，真的存在所谓的斩杀线吗？,false,zhihu,12,2025-12-25
站在 2025 年末，你如何看待尹建莉说「不要去规划孩子的未来，未来拼的不是学历，而是心理健康」？,false,zhihu,12,2025-12-25
为什么在家里炒的包菜没有饭店里的好吃？,false,zhihu,12,2025-12-25
为什么大家认为上了 985 的孩子了不起？,false,zhihu,12,2025-12-25
成熟演员在遭遇表演瓶颈时，通常会如何突破？,false,zhihu,12,2025-12-25
《阿凡达 3：火与烬》 有哪些不吐不快的槽点？,false,zhihu,12,2025-12-25
「河南校园火灾涉事班主任判六年」量刑依据披露，此前有热议量刑过重、教师责任边界模糊，如何理解这一量刑？,true,zhihu,12,2025-12-25
拳头游戏回应『英雄联盟 2』传闻，称其非续作但皮肤可继承，这是出于怎样的商业考量？,false,zhihu,12,2025-12-25
掉下斩杀线的美国人为何不能降低美国用人成本?,false,zhihu,12,2025-12-26
回顾今年，你认为在有限资源里，最值得长期坚持的一项养育投入是什么？为什么？,false,zhihu,12,2025-12-26
高中双休实施近一年，高中生的学习压力是不是减轻了？,false,zhihu,12,2025-12-27
如何看待所有前沿大模型在「SUPERChem」化学考试中均败给了低年级本科生闭卷平均水平？,false,zhihu,12,2025-12-27
2025 年天王杯国际羽毛球公开赛，石宇奇 2:0 战胜桃田贤斗，如何评价本场比赛？,false,zhihu,12,2025-12-27
人类为什么没有驯服更为强壮的犀牛用来耕地？,false,zhihu,12,2025-12-27
为什么豪车看上去就很贵？,false,zhihu,13,2025-12-25
有什么可以坚持一生的好习惯？,false,zhihu,13,2025-12-25
为什么支持日心说的布鲁诺被烧死，哥白尼却没事？,false,zhihu,13,2025-12-25
为什么现在的影视剧一看就很假，没有以前的片子好看呢？,false,zhihu,13,2025-12-25
强生爽身粉致癌案被判赔女子 110 亿元，为什么会被美国陪审团判赔这么多？真的能赔偿吗？,true,zhihu,13,2025-12-25
高校教师因迟到被认定为「严重教学事故」，被全院通报批评取消当年评优评先资格，怎样看待这一处罚？合理吗？,true,zhihu,13,2025-12-25
怎么判断孩子是不是学霸的料？,false,zhihu,13,2025-12-25
2526赛季NBA，马刺 117:102 雷霆，一个月内马刺三杀雷霆，如何分析此事？,false,zhihu,13,2025-12-26
老一辈人说，感冒了，要用被子牢牢的捂住身体，叫作捂汗，很有用的，这样感冒就好了，有什么科学依据吗？,false,zhihu,13,2025-12-26
哪个文学人物，活成了你理想中的样子？,false,zhihu,13,2025-12-27
哄骗 2 名未成年子女喝「敌敌畏」致其死亡，亲生父亲被判死刑，怎样从法律角度解读？,true,zhihu,13,2025-12-27
本科生发 40 多篇 SCI，指导老师称其能力很强，部分论文两年前就开始准备很正常，怎样看待这一说法？,false,zhihu,13,2025-12-27
如何看待李蒙疑似在围棋杀猪大会使用 ai 眼镜作弊?,false,zhihu,13,2025-12-27
《阿凡达 3》首周票房遇冷，说明这个系列走下坡路了吗？,false,zhihu,14,2025-12-25
BLG 战队在德杯惨遭 OMG 横扫，次局人头比 3:24，如何评价 BLG 此次表现？,false,zhihu,14,2025-12-25
美加墨世界杯决赛票价暴涨 7 倍引不满，原因何在？,false,zhihu,14,2025-12-26
为什么内蒙古大草原上以羊肉为主食，有那么好的羊，却很少听说内蒙古的羊汤有什么名气？,false,zhihu,14,2025-12-26
你耳闻目睹的教育进步有哪些？,false,zhihu,14,2025-12-26
2526 赛季 NBA，马刺 117:102 雷霆，一个月内马刺三杀雷霆，如何分析此事？,false,zhihu,14,2025-12-26
王天一直播时「马擒单士」走了 30 多步才取胜，对此你怎么看?,false,zhihu,14,2025-12-26
你能接受自己到了 30 岁还是一事无成吗？,false,zhihu,14,2025-12-26
如何评价综艺《再见爱人 5》第十一期？,false,zhihu,14,2025-12-27
为什么要烧掉开拓者关于匹诺康尼相关的这部分记忆？,false,zhihu,14,2025-12-27
如何评价美剧《怪奇物语第五季》5-7 集？,false,zhihu,14,2025-12-27
在东北饭馆吃饭，刚端上来吃了两口，老板直接下班走了，啥情况，在线等？,false,zhihu,15,2025-12-25
学完泛函分析可以做哪些事情？,false,zhihu,15,2025-12-25
个人年终总结如何汇报让领导眼前一亮？,false,zhihu,15,2025-12-25
为什么大部分人会把「㞞」打成「怂」，还有哪些大家都在用但实际上是错的汉字吗？,false,zhihu,15,2025-12-25
glm4.7 发布，实际体验怎样？,false,zhihu,15,2025-12-25
湖南一学校家长群设捐款保底线，校方称系自愿非强制，为什么这类通知还能公开发布？家长为何不敢拒绝？,true,zhihu,15,2025-12-25
陕西一老师上课打电话被认定为教学事故并罚款 100 元，校方称「课比天大」，怎样看待学校的处罚？,true,zhihu,15,2025-12-25
朱孝天举报阿信所属公司「相信音乐」，称其勾结黄牛炒票逃税、洗钱、假唱，甚至牵涉立场问题，具体情况如何？,false,zhihu,15,2025-12-25
金庸每一部书的第一高手分别是哪位 ？,false,zhihu,15,2025-12-25
国家发改委称 2026 年春节放假 9 天并减少调休，回应了社会期待，有哪些利好？你会选择怎样安排？,false,zhihu,15,2025-12-26
同事总说我有「学生思维」，这种思维有哪些具体表现？在职场上会有哪些影响？,false,zhihu,15,2025-12-27
中国的教育体系中，为什么没有预科这一层级？,false,zhihu,15,2025-12-27
刚当上领导，该如何树立自己的权威性？,false,zhihu,15,2025-12-27
帝释天作为《风云》中的老古董，经历过无数朝代更替，智慧近妖，为何还会落败？,false,zhihu,15,2025-12-27
游戏中瞬间回血和持续回血有何区别，纯粹是为了区分技能吗？,false,zhihu,15,2025-12-27
如何评价《凡人修仙传》动画第 175 集？,false,zhihu,15,2025-12-27
如何看待华为首款星闪耳机，能否引领音频行业新方向？,false,zhihu,16,2025-12-25
海南封关后进口车价腰斩，个人消费者为何无法直接购买？这背后有哪些限制？,false,zhihu,16,2025-12-25
有没有什么动物死后，会像鲸鱼的鲸落一样？,false,zhihu,16,2025-12-25
鸿蒙版微信一年迭代超百次，还加入不少独家功能，如何评价鸿蒙版微信这一年的进展？,false,zhihu,16,2025-12-25
「女本位」何以成为影视行业热词？这反映了当下影视市场的哪些变化和趋势？,false,zhihu,16,2025-12-25
朱孝天举报会对五月天及所属公司「相信音乐」带来怎样的影响？,false,zhihu,16,2025-12-25
朱孝天致歉，称因情绪失控发表了有失妥当的言论，他的言论对「相信音乐」带来了哪些影响？需要承担责任吗？,false,zhihu,16,2025-12-26
柬埔寨一士兵「富贵险中求」，在前线直播带货防晒霜，如何看待这一行为？这场战争对他们意味着什么？,false,zhihu,16,2025-12-26
阿维塔南极极寒测试遭网友打假，官方回应将进行 16 个月极地测试，能平息争议吗？极地测试有必要吗？,false,zhihu,16,2025-12-26
海南封关后海南存的人民币是不是离岸人民币？,false,zhihu,16,2025-12-26
都说东北菜量大，没去过菜量到底有多大？,false,zhihu,16,2025-12-26
导航可以检测车速，为什么交警不能用导航来认定超速行为？,false,zhihu,16,2025-12-27
科研创新 idea 要不要告诉 AI?,false,zhihu,16,2025-12-27
独自学习外语时，如何坚持下去并保持学习热情？,false,zhihu,16,2025-12-27
42 岁男子被一次性植入 6 个支架后心脏骤停去世，鉴定认为双方同等责任，依据是什么？当前矛盾点在哪？,true,zhihu,16,2025-12-27
你觉得烧饭做菜是一种享受吗？,false,zhihu,16,2025-12-27
如何看待网络上大批人替 c 罗贷款 2026 世界杯冠军的现象？,false,zhihu,16,2025-12-27
为什么大蛇丸不想摧毁木叶村了？,false,zhihu,16,2025-12-27
吴艳妮回怼恶评称「拿不拿冠军我都是这样气死你不服给我忍着」，如何看待她的这番言论？,false,zhihu,16,2025-12-27
还记得你们刚开始玩 DOTA 时用的是哪个英雄吗？,false,zhihu,16,2025-12-27
到目前为止《原神》5.6 角色主角各国的最高身份是什么？,false,zhihu,17,2025-12-25
我老板说「你是砍柴的，她是放羊的，你陪她聊了一天，她的羊吃饱了，你的柴呢」，这句话该怎么理解？,false,zhihu,17,2025-12-25
一直有个疑惑，为什么会有人觉得杨超越的出道是对他人的不公平呢？,false,zhihu,17,2025-12-25
有一张巨弱的显卡是什么体验?,false,zhihu,17,2025-12-25
金庸是不是把郭芙当女儿写的?,false,zhihu,17,2025-12-25
从人生巅峰跌落是一番怎样的体验？,false,zhihu,17,2025-12-25
法国高调宣布建造新航母，美国称将扩大航母规模，航母建造计划背后的大国博弈逻辑是什么？,false,zhihu,17,2025-12-25
韩国财阀千金黄荷娜在柬埔寨被逮捕，被曝为电诈园区洗钱，吸毒史长达十余年，她被逮捕后将面临什么？,true,zhihu,17,2025-12-26
如何评价 oner 与 T1 续约至 2028?,false,zhihu,17,2025-12-26
南博「99% 纯金」西汉金兽被质疑掉色，院方称属出土文物正常现象，具体是怎么回事？,true,zhihu,17,2025-12-26
为什么几乎所有的量化交易都用 Python？,false,zhihu,17,2025-12-26
三名男子为取麝香，猎杀 9 只国家一级保护动物马麝，盗猎者将承担哪些法律责任？,false,zhihu,17,2025-12-26
国家统计局最终核实 2024 年 GDP 现价总量比初步核算数减少 1018 亿元，怎样解读？,false,zhihu,17,2025-12-26
「足坛」历史上能真正称得上「老当益壮」的球员有哪些？,false,zhihu,17,2025-12-26
如何为中专生解释 C 语言指针？,false,zhihu,17,2025-12-27
有哪些适合跨年发的朋友圈文案？,false,zhihu,17,2025-12-27
德国媒体称樊振东为「凯撒·樊」，这反映了他在欧洲乒坛怎样的统治力？,false,zhihu,17,2025-12-27
霸王茶姬股价闪跌，发长文回应咖啡因争议，称已探索轻因茶饮、酸枣仁添加等技术，如何理解霸王茶姬的回应？,false,zhihu,17,2025-12-27
李连杰十几年没主演电影了，历史地位被甄子丹超越了吗？,false,zhihu,17,2025-12-27
2526 赛季 NBA 常规赛快船 119:103 开拓者，如何评价这场比赛？,false,zhihu,17,2025-12-27
看完《阿凡达 3：火与烬》你有什么感受？,false,zhihu,17,2025-12-27
如何评价申奥导演，肖央主演的电影《用武之地》？,false,zhihu,18,2025-12-25
北京优化调整住房限购政策，放宽非京籍家庭购房条件，京籍多子女家庭五环内可买 3 套房，将带来哪些影响？,false,zhihu,18,2025-12-25
如何评价宋威龙、赵今麦主演的电视剧《骄阳似我》？,false,zhihu,18,2025-12-25
《再见爱人》怎么看待郭柯宇和章贺？,false,zhihu,18,2025-12-25
谈谈你追随过的投资大师，以及他们的理论与著作？,false,zhihu,18,2025-12-25
职场中，今天我非常匪夷所思的一件事是，为什么我加班加点完成了工作，领导不但不表扬我、反而批评我?,true,zhihu,18,2025-12-25
李凯尔辟谣已恢复美国国籍，经纪人称不排除效力 CBA 可能，如何看待这个表态？男篮的规化策略可否持续？,false,zhihu,18,2025-12-25
为什么电脑玩不死族这么厉害?,false,zhihu,18,2025-12-25
大家有没有一些曾经十分擅长的运动，现在却完全退化了？,false,zhihu,18,2025-12-25
怎样可以让猫猫过来和自己一起躺着?,false,zhihu,18,2025-12-25
为什么很多人都不想活成原生家庭的样子，却往往在现有的家庭里复制粘贴原生家庭？如何改善？,false,zhihu,18,2025-12-25
如何评价《魔兽世界》中的乌瑟尔·光明使者？,false,zhihu,18,2025-12-25
有什么提高睡眠质量的方法？,false,zhihu,18,2025-12-25
如何评价《鸣潮》3.0 版本的新角色和剧情？,false,zhihu,18,2025-12-25
你碰到过哪些非常搞笑的误会？,false,zhihu,18,2025-12-25
如果你续写《三体》第四部，你会怎么写？,false,zhihu,18,2025-12-25
怎么看《悲惨世界》里所歌颂的人性？,false,zhihu,18,2025-12-26
如何评价游戏《宝可梦传说 Z-A》的大型 DLC《超次元爆涌》？,false,zhihu,18,2025-12-26
知名电竞选手 Faker 见面会门票 1588 元，如何看待这一定价？你觉得值吗？,false,zhihu,18,2025-12-26
2526 赛季 NBA，独行侠 116:126 勇士，库里 23 分弗拉格 27 分，如何评价这场比赛？,false,zhihu,18,2025-12-26
如何评价《一人之下》漫画第 746（793）话《骚扰》？,false,zhihu,18,2025-12-26
「零负债人群」一词近日走红，这类人拒绝高奢消费但追求身心健康，如何看待这种生活态度？,false,zhihu,18,2025-12-26
诸葛亮在隆中对时已经暴露其军事短板，那问隆中对的缺陷在哪？为何刘备当时看不出来？,false,zhihu,18,2025-12-27
为什么人类需要艺术创作，比如写小说，绘画？,false,zhihu,18,2025-12-27
研究称饭后「边放屁边散步」对身体很健康，是真的吗？为什么会这样？,false,zhihu,18,2025-12-27
为什么认为恐龙没有创建出文明？,false,zhihu,18,2025-12-27
为什么东方的蛟龙和西方的恶龙的头部都与真实的恐龙头部相似？,false,zhihu,18,2025-12-27
请问周芷若修炼多久才能跟得上张无忌？,false,zhihu,18,2025-12-27
假如黑格尔此生生在中国江南，90 后，生来即精通哲学，但厌倦了哲学，他会报什么专业？会做什么工作？,false,zhihu,18,2025-12-27
物理学中，动量的本质是什么？,false,zhihu,18,2025-12-27
CMake 凭借什么成为了 C/C++ 构建系统的事实「标准」？,false,zhihu,18,2025-12-27
大胆猜测麒麟 9040 、 9050 、 9060 、 9100 会到什么水平？,false,zhihu,19,2025-12-25
古人为什么喜欢「托古」写书？这样自己不就永远失去名垂青史的机会了吗？,false,zhihu,19,2025-12-25
美国人头上都有条成为流浪汉的「斩杀线」么，从经济角度如何看待这种现象？「斩杀线」背后的本质是什么？,false,zhihu,19,2025-12-25
传言「出汗多就是排毒好」，出汗量和身体排毒效果真的成正比吗？,false,zhihu,19,2025-12-25
《哪吒 2》的成功对影视行业有哪些启示？,false,zhihu,19,2025-12-25
如果世嘉没有倒在 dc 上，那么现在主机御三家是不是就没有任天堂位置了?,false,zhihu,19,2025-12-25
同谐星神希佩的三个面相，对应着哪三重命途？,false,zhihu,19,2025-12-25
大领导跟我说直属领导坏话，我什么也没说，为什么最后我被干掉了？,true,zhihu,19,2025-12-26
如何评价刘备的用人能力？,false,zhihu,19,2025-12-26
为什么北京经济第一强区海淀至今没有苹果直营店？,false,zhihu,19,2025-12-26
chovy 和 knight 巅峰期哪个更厉害？,false,zhihu,19,2025-12-26
离岸人民币兑美元升穿 7.0 关口，是什么在助推这波上涨，其叠加国际金属涨价潮，对哪些行业有较大影响？,false,zhihu,19,2025-12-26
如何评价《鸣潮》3.0 的新角色「琳奈」？,false,zhihu,19,2025-12-26
《FGO》终章解密，「逆光」揭示奥尔加玛丽求救信号，为何百万播放无人听懂？,false,zhihu,19,2025-12-26
如何看待网传今年北京大学 (34 篇) 的 CNS 论文量超过了麻省理工 (28 篇)，排世界第三？,false,zhihu,19,2025-12-26
在 COC 跑团的时候，你遇到过哪些让你笑喷的事情？,false,zhihu,19,2025-12-26
阻碍氢能源发展的原因有哪些？,false,zhihu,19,2025-12-26
有什么很好吃又简单的调味品？,false,zhihu,19,2025-12-27
薛宝钗为什么不能踏踏实实的做个监察员，非要去插手探春的管家事务呢？,false,zhihu,19,2025-12-27
新人写小说总是不敢下笔，担心写崩怎么办?,false,zhihu,19,2025-12-27
为什么中国的武术大师总喜欢拿一些大家全部被限制的一些擂台边缘打击技术，说被限制了他们就不能打，完了?,false,zhihu,19,2025-12-27
在一个组里，老师为了发论文教我调 seed 让 model 有效，这是正常的吗？该怎么办？,false,zhihu,20,2025-12-25
有天赋的交易员都有哪些特点？,false,zhihu,20,2025-12-25
魔兽世界之类的游戏中为什么要设计这么多无用的白装甚至灰色装备？,false,zhihu,20,2025-12-25
准大一计算机女生该怎么面对编程、代码？,false,zhihu,20,2025-12-25
如何看待家长吐槽「弹性入校」变「隐性早到」？家长因担心早到校补课也「被迫」早送，你理解这种压力吗？,true,zhihu,20,2025-12-25
如何评价崩坏：星穹铁道发布的虚一直构 | 大公家的饭？,false,zhihu,20,2025-12-25
中国电动车凭什么在纽博格林这样的世界级赛道上赶超一众传统超跑？,false,zhihu,20,2025-12-25
为什么奇蹄目和偶蹄目不叫食草目？,false,zhihu,20,2025-12-25
很多人都觉得 5 公里用时 30 分很慢，实际上生活中大多数人都无法完成对吗？,false,zhihu,20,2025-12-25
在职场，面临一项比较容易和一项比较难的工作，你会怎么选？,false,zhihu,20,2025-12-25
现在有枪了，传统武术的消亡是早晚的事儿吗?,false,zhihu,20,2025-12-26
王小骞称 11 岁女儿过度控制饮食患上「正食症」，什么是「正食症」？如何干预？,false,zhihu,20,2025-12-26
《西游记》中为什么青狮精出现两次，第二次孙悟空没认出它是文殊菩萨的坐骑？,false,zhihu,20,2025-12-26
南博前院长被举报「盗窃故宫南迁文物」，故宫文物为何存放在南京？,true,zhihu,20,2025-12-26
如何看待 ittf 公布的 2026 亚洲杯男女单拟参赛名单？,false,zhihu,20,2025-12-26
为什么大部分东西旧了就会变黄而不是变蓝？这是什么科学道理？,false,zhihu,20,2025-12-26
2526 赛季 NBA 常规赛森林狼 138：142 加时不敌掘金，约基齐超级大三双，如何评价这场比赛？,false,zhihu,20,2025-12-26
黄冈市推行「周三无作业日」制度，让孩子们自行安排时间，这一举措真的能「减负」吗？对孩子成长有什么意义？,false,zhihu,20,2025-12-26
F1 各条赛道的设计水平应该怎么排名？,false,zhihu,20,2025-12-27
有什么震惊了你的绝妙比喻？,false,zhihu,20,2025-12-27
皮蛋瘦肉粥最好吃的做法是什么？怎么做才好吃？,false,zhihu,20,2025-12-27
go 语言百万连接需要 epoll 吗？,false,zhihu,20,2025-12-27
《西游记》中玉皇大帝并没有什么厉害的本领，为什么众路神仙归顺于他？,false,zhihu,20,2025-12-27
重点中学、超级中学很强是因为「掐尖」吗？,false,zhihu,20,2025-12-27
在采用冰雪 / 低温技能的游戏英雄中，你觉得哪位角色最为强力，是《守望先锋》的小美吗？,false,zhihu,20,2025-12-27
为啥许多游戏总是用冬季与严寒渲染残酷的环境，但很少用酷暑进行渲染？,false,zhihu,20,2025-12-27
为什么相声圈那么在乎师承门第？,false,zhihu,20,2025-12-27
一千左右的机械表大概能戴多久？,false,zhihu,20,2025-12-27
62岁怀孕女子：失去的儿子又回来了,true,baidu,1,2025-12-25
中使馆紧急提醒：切勿盲信来尼娶妻,true,baidu,1,2025-12-26
6年前3万6买的钻戒现在只值四五百,true,baidu,1,2025-12-27
李凯尔回应：恢复美国国籍不属实,false,baidu,2,2025-12-25
《我不是药神》原型现状曝光,false,baidu,2,2025-12-25
女孩公交站前练武术视频获毛宁点赞,false,baidu,2,2025-12-25
12人转发淫秽视频被判缓刑 手机没收,true,baidu,2,2025-12-26
国家卫健委喊话：快去医院退门诊押金,false,baidu,2,2025-12-26
史上最严养犬新规来了,false,baidu,2,2025-12-27
冰雪课堂如何成为“消费新宠”,false,baidu,3,2025-12-25
废旧家电家具回收有了变化,false,baidu,3,2025-12-25
中央企业前11个月增加值9.5万亿元,false,baidu,3,2025-12-25
海南自贸港全岛封关首周亮点足,false,baidu,3,2025-12-26
世界最长高速公路隧道通车,false,baidu,3,2025-12-26
5万公里！中国高铁运营里程新突破,false,baidu,3,2025-12-26
全球最长 中国高铁十万里,false,baidu,3,2025-12-27
一周“靓”数,false,baidu,3,2025-12-27
快来答题！百度热搜年度小考上线,false,baidu,4,2025-12-25
高市若参拜靖国神社就是与正义为敌,false,baidu,4,2025-12-25
“水果第一股”将退市,false,baidu,4,2025-12-25
村民家中120只羊被好友毒死,true,baidu,4,2025-12-26
华为悬赏300万元求解难题,false,baidu,4,2025-12-26
多地部署2026“新国补”,false,baidu,5,2025-12-25
估值2亿元别墅6673万元起拍没人要,false,baidu,5,2025-12-25
保时捷门店总经理带头连夜搬空车辆,true,baidu,5,2025-12-26
女孩遭亲戚猥亵 家人怕丢人隐忍2年,true,baidu,5,2025-12-27
只要在吃药 就千万别吃这种水果,false,baidu,5,2025-12-27
“鸡排哥”一夜爆火后现状,true,baidu,6,2025-12-25
网警：这种“转卖”正侵犯个人信息,false,baidu,6,2025-12-26
现场视频！赖清德弹劾提案表决通过,false,baidu,6,2025-12-26
银行经理和丈夫自杀 曾转走储户钱款,true,baidu,6,2025-12-27
老年艾滋病感染比例攀升引热议,false,baidu,6,2025-12-27
何炅见海霞秒变“迷弟”,false,baidu,7,2025-12-25
中国磁悬浮试验车时速700公里破纪录,false,baidu,7,2025-12-25
一家5口驾车误入施工通道坠江遇难,true,baidu,7,2025-12-25
绍兴地铁撞人致3死1伤 调查报告公布,true,baidu,7,2025-12-25
住院5天点了48顿VIP餐被拒保,true,baidu,7,2025-12-26
外卖骑手在家中猝死被保险公司拒赔,true,baidu,7,2025-12-27
王楚钦率山东魏桥晋级乒超男团决赛,false,baidu,7,2025-12-27
车厘子“J”代表什么,false,baidu,8,2025-12-25
“黑老大”别墅降价1.3亿仍没人要,false,baidu,8,2025-12-26
疑知名女星前夫涉诈骗被判无期,false,baidu,8,2025-12-27
19岁女主播揭露团播内幕,true,baidu,8,2025-12-27
银行业“瘦身”了,false,baidu,8,2025-12-27
商丘一空地冒出大量手机壳,true,baidu,9,2025-12-25
日本一无人岛密密麻麻都是北海狮,false,baidu,9,2025-12-25
多地整治“人情岗”“世袭岗”,false,baidu,9,2025-12-25
公务员网上网下别想两张面孔,false,baidu,9,2025-12-26
新郎进门太紧张认错新娘,true,baidu,9,2025-12-26
宝马销冠一口价营销8天卖11台,false,baidu,9,2025-12-27
河南69岁奶奶活成大女主年入200万,false,baidu,9,2025-12-27
82岁母亲坐轮椅探监 狱中儿子下跪,true,baidu,9,2025-12-27
常用止咳药个别严重反应涉抑郁倾向,false,baidu,10,2025-12-25
常用止咳药说明书增加自杀倾向警示,false,baidu,10,2025-12-25
小学生捡到30克金镯子果断上交,false,baidu,10,2025-12-26
雪豹“凌寒”脑梗复发死亡,false,baidu,10,2025-12-26
中国台湾地区附近6.5级左右地震,false,baidu,10,2025-12-27
“向好友发不雅照算违法”系误读,false,baidu,11,2025-12-25
网民编造“2名女学生被拐”被罚,false,baidu,11,2025-12-25
马拉松赛发布“手铐型”奖牌不实,false,baidu,11,2025-12-25
“张桂梅卸任校长”为不实消息,false,baidu,11,2025-12-26
网民编造虚假跨年活动被处罚,false,baidu,11,2025-12-26
重庆一住宅疑似发生火灾系谣言,false,baidu,11,2025-12-27
男子发现女儿非亲生 多部门介入调解,true,baidu,12,2025-12-25
郭晶晶儿子买奶茶给霍震霆喝第一口,false,baidu,12,2025-12-26
中国首次记录到“六虎同框”,false,baidu,12,2025-12-27
救命钱藏沙发下被妻子交给嗜赌儿子,true,baidu,12,2025-12-27
姚晨带儿子打卡“即将消失的机位”,false,baidu,12,2025-12-27
近6万人为女运动员投票选裤装,false,baidu,13,2025-12-25
福建舰电磁弹射超近画面“0帧”急停,false,baidu,13,2025-12-25
知名导演翟俊杰离世 众星发文悼念,false,baidu,13,2025-12-25
高市早苗明日或参拜靖国神社,false,baidu,13,2025-12-25
独居女子离世“身后事”有后续了,false,baidu,13,2025-12-25
特朗普：未经我批准 泽连斯基一无所有,false,baidu,13,2025-12-27
体魄强健的靳大爷为啥“装病”21年,true,baidu,13,2025-12-27
上海民警猥亵继女 二审获刑八年,true,baidu,13,2025-12-27
专家：日本试图在地理上围堵中国,false,baidu,14,2025-12-25
400家“空壳公司”疯狂“刷空气”,false,baidu,14,2025-12-25
鸡蛋都快配不上番茄了,false,baidu,14,2025-12-26
男子挂爷爷遗照劝退邻居乱放鞋架,true,baidu,14,2025-12-26
野生东北虎母虎带五崽罕见亮相,false,baidu,14,2025-12-26
十四届全国人大四次会议议程公布,false,baidu,14,2025-12-27
6名大学生参观矿企坠亡调查报告公布,false,baidu,14,2025-12-27
“最土年终总结” 为什么火了,true,baidu,14,2025-12-27
6000万买基金亏81% A股公司紧急报警,false,baidu,14,2025-12-27
男子性侵醉酒女子并发文炫耀获刑,true,baidu,15,2025-12-25
16省挪用41亿元惠农补贴 已整改37亿,false,baidu,15,2025-12-25
1岁小曾孙模仿86岁太姥走路,false,baidu,15,2025-12-25
福建舰航经台海 国防部：以后还组织,false,baidu,15,2025-12-25
A股三大指数集体收涨,false,baidu,15,2025-12-26
百度热搜年度报告出炉 这些大事上榜,false,baidu,15,2025-12-26
百家合伙人年度盛典,false,baidu,15,2025-12-27
外交部回应柬泰签署停火联合声明,false,baidu,15,2025-12-27
丽江旅拍协会：将起诉小红书,true,baidu,16,2025-12-25
女子嫌等待时间过长扇医生耳光被拘,true,baidu,16,2025-12-25
广东一动物园猩猩拿花盆砸游客,true,baidu,16,2025-12-25
生父哄骗两子女喝农药致死被判死刑,true,baidu,16,2025-12-26
湖北一地生娃奖房子最高75平,false,baidu,16,2025-12-26
缝合一个“身首离断”的人,true,baidu,16,2025-12-26
汽车高速耗尽电量 2人推车被撞身亡,false,baidu,16,2025-12-27
杭州爸爸打包一车雪回家送女儿,true,baidu,16,2025-12-27
元旦假期“请3休8”攻略火了,true,baidu,16,2025-12-27
空地现大量全新手机壳 有人捡50个,true,baidu,17,2025-12-25
男生网购“10-9”枚卤蛋到手1个,true,baidu,17,2025-12-25
演员李宏毅被限高 涉案金额超1118万,false,baidu,17,2025-12-25
日本“熊尸围城” 7个月捕杀9765头,true,baidu,17,2025-12-26
5元疫苗打不动 200元流感药抢着要,false,baidu,17,2025-12-26
毛新宇携家人到毛主席纪念堂祭奠缅怀,false,baidu,17,2025-12-26
把副省长拉下马的环保案赔了50亿,false,baidu,17,2025-12-27
游客低头看手机被骡子货袋撞下山坡,true,baidu,17,2025-12-27
网红非洲绑架同胞 被抓后遭人扇巴掌,true,baidu,17,2025-12-27
蒙面人挨家挨户撬门 警方通报,false,baidu,17,2025-12-27
福建舰只有拔罐能用明火 厨房都不行,false,baidu,18,2025-12-25
小狗马路徘徊 交警护送后收获小跟班,false,baidu,18,2025-12-25
日本遗孤自取日本名纪念中国养父母,false,baidu,18,2025-12-25
车主分享粤车南下首张罚单,false,baidu,18,2025-12-25
1岁宝宝误食紫草油病危 肺已全白,false,baidu,18,2025-12-25
七名小学生吵架到派出所“评理”,true,baidu,18,2025-12-25
紫燕百味鸡发布致歉声明,true,baidu,18,2025-12-25
男生艺考减重65斤统考后吃甜食痛哭,false,baidu,18,2025-12-26
生父毒杀子女获死刑 孩子母亲发声,true,baidu,18,2025-12-26
人民日报：武装台湾必成“台独”噩梦,false,baidu,18,2025-12-27
公立医院已清退约90亿元“预存款”,false,baidu,18,2025-12-27
卫健委：希望各单位组织员工无偿献血,false,baidu,18,2025-12-27
又一个8000万级机场来了,false,baidu,19,2025-12-25
中方：美方停止针对委内瑞拉行动,false,baidu,19,2025-12-25
韩媒：韩军举行“东海领土守护演习”,false,baidu,19,2025-12-25
泽连斯基：乌克兰不会放弃加入北约,false,baidu,19,2025-12-25
堆满76万现金的出租车被紧急拦下,true,baidu,19,2025-12-25
陕西四川已清理禁燃烟花相关文件,false,baidu,19,2025-12-25
2025年最后几天 三件省钱的事抓紧办,false,baidu,19,2025-12-26
两男子大唐不夜城对诗震撼全场,true,baidu,19,2025-12-26
中国最重要的“东西大动脉”要来了,false,baidu,19,2025-12-26
网友称银行取300少5元还遭上门威胁,true,baidu,19,2025-12-27
731部队每月产10公斤跳蚤用于细菌战,false,baidu,19,2025-12-27
女儿非亲生 男子为上户口发公告寻亲,true,baidu,19,2025-12-27
王毅将同柬埔寨和泰国外长在云南会晤,false,baidu,19,2025-12-27
北京新政：支持多子女家庭住房需求,false,baidu,20,2025-12-25
胖东来新店卖签名球衣：最贵138000元,false,baidu,20,2025-12-25
1岁女宝因前额秃被调侃50岁发型,true,baidu,20,2025-12-25
京东年终奖：采销平均25薪 上不封顶,false,baidu,20,2025-12-25
为啥大米和面粉包装待遇差距这么大,false,baidu,20,2025-12-26
可能导致抑郁 孟鲁司特还能吃吗,false,baidu,20,2025-12-26
乒超女团半决赛：王曼昱领衔出战,false,baidu,20,2025-12-26
174名北大学生迎特殊考试：对决AI,false,baidu,20,2025-12-26
乒超总决赛男团半决赛：王楚钦复出,false,baidu,20,2025-12-27
美国蜜雪收银小哥熟练用中文点单,false,baidu,20,2025-12-27
16省已归还惠农补贴37亿元,false,baidu,21,2025-12-25
法英德加日等14国发表联合声明,false,baidu,21,2025-12-25
男子被一次性植入6个心脏支架后去世,true,baidu,21,2025-12-25
植入6个心脏支架去世男子家属发声,true,baidu,21,2025-12-25
范志毅：国足2038年会有希望,false,baidu,21,2025-12-26
食堂承包商举报校领导拿走三百余万,true,baidu,21,2025-12-26
外交部回应日本拟大幅增加防卫预算,false,baidu,21,2025-12-26
台北故宫博物院参观人数大跌,false,baidu,21,2025-12-27
女子哽咽感谢72岁公公主动帮带娃,false,baidu,21,2025-12-27
明年起私生粉滋扰纠缠明星明确违法,false,baidu,22,2025-12-25
四川一景区月薪5万急招185腹肌帅哥,true,baidu,22,2025-12-25
男子为妻筹医药费 有人捐10万斤地瓜,true,baidu,22,2025-12-25
狗妈妈叼着油条 跨越五公里投喂幼崽,false,baidu,22,2025-12-25
你的身体里藏着一个“衰老时钟”,false,baidu,22,2025-12-26
冰雪大世界城市点名环节太感人,false,baidu,22,2025-12-26
吃胶囊类药物千万别喝热水,false,baidu,22,2025-12-26
广东江门一汽车坠河 一家五口遇难,false,baidu,22,2025-12-26
上海北京杭州全年卖地收入超千亿,false,baidu,22,2025-12-26
《燕云十六声》虚拟时装被指低俗,false,baidu,22,2025-12-27
20天婚假不给批？四川：处罚用人单位,true,baidu,22,2025-12-27
宝妈冻母乳全化了 向冰柜商家索赔,true,baidu,22,2025-12-27
日本动物园人扮大熊猫供游客体验,true,baidu,22,2025-12-27
男子记恨幼时被严管 殴打80岁父亲,true,baidu,22,2025-12-27
“私募魔女”李蓓开课 收费12888元,false,baidu,22,2025-12-27
金莎答应男友求婚 两人相差17岁,false,baidu,23,2025-12-25
泽连斯基称俄军用上中国卫星数据,false,baidu,23,2025-12-25
朱孝天曝五月天公司涉逃税洗钱被查,false,baidu,23,2025-12-25
人民币大升值 有人存美元如今亏钱,false,baidu,23,2025-12-25
加拿大厨师做出世界上最薄三明治,true,baidu,23,2025-12-25
发改委：春节放假9天 增强了幸福感,false,baidu,23,2025-12-25
“台独”挑衅一次我们就进逼一步,false,baidu,23,2025-12-25
护农队逮到只“超重”大野猪,true,baidu,23,2025-12-25
小米17 Ultra起售价6999元,false,baidu,23,2025-12-25
女子购LV运动鞋穿后脚破皮 退款被拒,true,baidu,23,2025-12-26
汪文斌谈柬埔寨遣返电诈嫌犯,false,baidu,23,2025-12-26
陈伟霆回应大方官宣生子,false,baidu,23,2025-12-26
历经十年修缮 故宫养心殿重新开放,false,baidu,23,2025-12-26
周大福新款吊坠图案引热议,true,baidu,23,2025-12-26
HR冒充男同事妻子向女同事老公寄信,true,baidu,23,2025-12-26
烧烤店油烟大 楼上老人在门头挂被褥,true,baidu,23,2025-12-26
河南回应大货车货物遭哄抢,true,baidu,23,2025-12-27
驻加拿大使馆提醒中国公民注意安全,false,baidu,23,2025-12-27
相亲恋爱警惕这种“见家长”,true,baidu,23,2025-12-27
69岁老太12楼扔垃圾砸坏车辆被判刑,true,baidu,24,2025-12-25
夫妻俩虚假报名公务员考试758次获刑,true,baidu,24,2025-12-25
台女警威胁对卢秀燕脑门开枪被收押,false,baidu,24,2025-12-25
男子穿破损羽绒服确诊“羽绒肺”,true,baidu,24,2025-12-25
5岁女童沉迷玩手机变“斗鸡眼”,true,baidu,24,2025-12-26
服装店允许骑车进入火成打卡点,true,baidu,24,2025-12-26
各地群众前往湖南韶山缅怀毛泽东,false,baidu,24,2025-12-26
钟南山妻子李少芬入选篮球名人堂,false,baidu,24,2025-12-26
5G遇冷了吗,false,baidu,24,2025-12-26
羽绒服“血战”千元档,false,baidu,24,2025-12-26
百万粉丝网红被曝曾因贩毒获刑,true,baidu,24,2025-12-26
白宫发言人官宣怀二胎,false,baidu,24,2025-12-27
先动手的被罚100元 还手的被拘3天,true,baidu,24,2025-12-27
湖北一地三孩家庭购房奖补50平米,false,baidu,24,2025-12-27
老师用液氮做实验 听取学生哇声一片,false,baidu,25,2025-12-25
老师上课打电话被认定“教学事故”,true,baidu,25,2025-12-25
湖南一高速路设数公里不间断减速带,true,baidu,25,2025-12-25
952名缅甸涉电诈嫌疑人被押解回国,false,baidu,25,2025-12-25
日本民众抗议高市早苗：要知道廉耻,false,baidu,25,2025-12-26
周大福吊坠正面牛马背面Jia引热议,true,baidu,25,2025-12-26
孙正义藏了44年的长女自曝身份,false,baidu,25,2025-12-26
金建希涉“买官卖官”等被起诉,false,baidu,25,2025-12-26
13岁男孩遭老师掌掴致眼睛九级伤残,true,baidu,25,2025-12-26
极氪001车队首穿天山胜利隧道,false,baidu,25,2025-12-26
努力工作也难逃美国“斩杀线”,false,baidu,25,2025-12-26
美国一女子挤痘痘致半边脸面瘫,true,baidu,25,2025-12-27
王曼昱率山东鲁能晋级乒超女团决赛,false,baidu,25,2025-12-27
80岁老人住山洞 抗拒前往福利机构,true,baidu,25,2025-12-27
白银涨到可怕 有人一觉醒来赚18万,false,baidu,25,2025-12-27
男子将前女友约至酒店杀害,true,baidu,25,2025-12-27
河南小伙墙绘天安门圆全村老人梦,false,baidu,26,2025-12-25
福建舰手术室首次亮相,false,baidu,26,2025-12-25
阿姨独吞拆迁款 躺百万现金上睡觉,true,baidu,26,2025-12-25
男子剪发耳朵被剪裂 店方：概率问题,true,baidu,26,2025-12-25
小米17Ultra起售价6999元,false,baidu,26,2025-12-25
200元一天就能带个机器人回家,false,baidu,26,2025-12-26
32周孕妇坐电梯突然失去意识摔倒,true,baidu,26,2025-12-26
价值40万元涉案黄金无人认领,true,baidu,26,2025-12-26
台北地铁再度上演“大逃亡”,false,baidu,26,2025-12-26
崔丽丽：不是我勇敢 是我必须站起来,false,baidu,26,2025-12-26
中方反制20家美国军工企业及高管,false,baidu,26,2025-12-26
男子身份被冒用 和2个静静结婚4次,true,baidu,26,2025-12-26
红衣女子拦停公交车后磕头爬行,true,baidu,26,2025-12-26
俄罗斯、阿联酋等多国发声,false,baidu,26,2025-12-27
国家带头再干一件大事,false,baidu,26,2025-12-27
蔡磊称推出的渐冻症药领先全世界,false,baidu,26,2025-12-27
元旦春节将至 中央纪委发《通知》,false,baidu,27,2025-12-25
12省份旅游总收入破万亿,false,baidu,27,2025-12-25
柬埔寨称泰军炮火波及野生动物,false,baidu,27,2025-12-25
中方敦促美方停止针对委内瑞拉行动,false,baidu,27,2025-12-25
台湾青年岛内实拍：车牌全是台湾省,false,baidu,27,2025-12-25
河南最大保时捷中心突然停业,true,baidu,27,2025-12-25
上海警方揪出“职业闭店人”,true,baidu,27,2025-12-25
丰臣秀吉雕像“被斩首” 嫌犯找到了,true,baidu,27,2025-12-25
你的钱袋子和生意账本正在被重写,false,baidu,27,2025-12-26
上海足协官宣水庆霞离任,false,baidu,27,2025-12-26
多放假少调休 让国人从容过春节,false,baidu,27,2025-12-26
男生骑车撞上马路中间电线杆致重伤,true,baidu,27,2025-12-26
女子将10万元藏垃圾桶被儿媳误扔,true,baidu,27,2025-12-26
画面曝光！菲律宾官方扯谎被打脸,false,baidu,27,2025-12-27
“美对台军售触及了中方红线”,false,baidu,27,2025-12-27
林高远再现反手将军拔剑,false,baidu,27,2025-12-27
特朗普为何强调新战列舰不针对中国,false,baidu,28,2025-12-25
村干部回应油锅起火后冷静灭火,false,baidu,28,2025-12-25
金价狂飙 千元内几乎买不到金饰,false,baidu,28,2025-12-25
中纪委：大力整治“豪华年夜饭”,false,baidu,28,2025-12-25
保时捷中国回应郑州一门店疑似跑路,true,baidu,28,2025-12-25
国家提高部分退役军人抚恤补助标准,false,baidu,28,2025-12-25
女子称因要求修改遭男美甲师殴打,true,baidu,28,2025-12-26
日本长崎市长批“日本拥核”言论,false,baidu,28,2025-12-26
卢伟冰口误：7999元小米新机成799元,false,baidu,28,2025-12-26
一天吃40个鸡蛋会造成肾脏严重负担,false,baidu,28,2025-12-26
和睦家回应女明星生产信息疑被泄露,false,baidu,28,2025-12-26
特朗普人事强震引爆新争议,false,baidu,28,2025-12-26
伊利回应推出大蒜味优酸乳,false,baidu,28,2025-12-26
360克黄金无人认领 咨询电话被打爆,true,baidu,28,2025-12-26
广西昭平回应老人在山洞居住多年,true,baidu,28,2025-12-27
马克龙夫妇街头体验魔术,false,baidu,28,2025-12-27
“太空小鼠”当妈了,false,baidu,28,2025-12-27
印度男子举火把试图给太阳能板充电,true,baidu,28,2025-12-27
日本57车连撞 烧焦汽车骨架堆满公路,true,baidu,28,2025-12-27
日本67辆车连撞 20车起火燃烧,true,baidu,28,2025-12-27
俄方：乌军一昼夜损失约1210名军人,false,baidu,28,2025-12-27
跨年冷空气来了 局地累计降温近20℃,false,baidu,28,2025-12-27
女子贷款打赏男主播42万起诉返还,true,baidu,29,2025-12-25
女子路口停车被后车催促反骂人,true,baidu,29,2025-12-25
陕北革命老区迈入高铁时代,false,baidu,29,2025-12-25
多所高校开展绩效工资改革,false,baidu,29,2025-12-25
近6万人为亚运会女运动员投票选裤装,false,baidu,29,2025-12-25
哈马斯：对拉法爆炸事件不负任何责任,false,baidu,29,2025-12-25
宠物历史上第一次期末考试,true,baidu,29,2025-12-25
扎哈罗娃生日获普京颁发勋章,false,baidu,29,2025-12-25
小朋友常卡点进校园和门卫大爷混熟,false,baidu,29,2025-12-25
李宏毅被限高 涉案金额超1118万,false,baidu,29,2025-12-25
83岁捡废品老人花光拆迁款买保健品,true,baidu,29,2025-12-25
爱泼斯坦案涂黑文件被轻松解密,false,baidu,29,2025-12-25
离岸人民币汇率升破7,false,baidu,29,2025-12-26
货车出事故多人哄抢货物？警方已介入,true,baidu,29,2025-12-26
又一地个人消费贷“省补”揭开面纱,false,baidu,29,2025-12-26
两只国家二级保护动物路边“过招”,false,baidu,29,2025-12-26
男子给婚外情人花百万妻子想要回,true,baidu,29,2025-12-26
超30城扎堆发汽车消费“红包”,false,baidu,29,2025-12-27
《燕云十六声》游戏时装被指低俗,false,baidu,29,2025-12-27
30岁女子恋爱骗60岁大爷20万被刑拘,true,baidu,29,2025-12-27
美国“斩杀线”：年薪百万也怕意外,false,baidu,29,2025-12-27
工科生自制“哈基米”关灯神器,false,baidu,29,2025-12-27
王晶：肖战戏路很窄 要会挑剧本,false,baidu,29,2025-12-27
车厘子、蓝莓价格“跳水”迎热销,false,baidu,30,2025-12-25
美元恐创2003年以来“最惨一年”,false,baidu,30,2025-12-25
扎哈罗娃过50岁生日 罕见羞容满面,false,baidu,30,2025-12-25
北京放宽非京籍家庭购房条件,false,baidu,30,2025-12-25
“20点和平计划”草案首次全文披露,false,baidu,30,2025-12-25
给农民评职称 这种“创新”值得商榷,false,baidu,30,2025-12-25
日本遗孤习武变身武术家 弟子逾万,false,baidu,30,2025-12-25
乌军在无人机上绑鱼竿 挑落俄无人机,false,baidu,30,2025-12-25
男子信访收劝返路费被判寻衅滋事,false,baidu,30,2025-12-25
上海一对夫妻持斧逐户砍砸邻居家门,true,baidu,30,2025-12-25
男子疑在大理苍山观光步道外自缢,false,baidu,30,2025-12-26
KK园区494栋涉赌诈犯罪建筑物被拆,false,baidu,30,2025-12-26
女子掏20万婚介费相亲 加好友后被删,true,baidu,30,2025-12-26
金正恩携女儿视察核潜艇建造现场,false,baidu,30,2025-12-26
日本防卫大臣背80斤背包表情抽搐,false,baidu,30,2025-12-26
驻柬大使汪文斌《人民日报》撰文,false,baidu,30,2025-12-26
一家5口坠江遇难 含7岁儿童6旬老人,false,baidu,30,2025-12-26
这三位名人向我们挥手告别,false,baidu,30,2025-12-26
乒超现场的小孩哥打球也太飒了,false,baidu,30,2025-12-26
以色列拒绝14国要求,false,baidu,30,2025-12-26
日本总务大臣就“黑金”问题道歉,false,baidu,30,2025-12-27
人工智能专家历经波折回到中国,false,baidu,30,2025-12-27
英法德三国领导人通话 重申对乌支持,false,baidu,30,2025-12-27
日本50多辆车相撞事故致1死26伤,true,baidu,30,2025-12-27
“蹭饭书记”董桂林的告别,false,baidu,30,2025-12-27
头发开叉其实是种病,false,baidu,30,2025-12-27
霸王茶姬再陷“咖啡因”风波,true,baidu,30,2025-12-27
乌克兰基辅响起巨大爆炸声,false,baidu,30,2025-12-27
王星拒演人口贩卖题材作品,false,baidu,30,2025-12-27
单依纯再次回应《李白》改编争议,false,baidu,30,2025-12-27
华尔街见闻早餐FM-Radio | 2025年12月24日,false,wallstreetcn-hot,1,2025-12-25
贝森特暗示美联储未来方向：通胀“区间制”，取消“点阵图”，支持财政部，回归“幕后”,false,wallstreetcn-hot,1,2025-12-25
北京楼市新政：放宽非京籍家庭购房条件、支持多子女家庭住房需求,false,wallstreetcn-hot,1,2025-12-25
经销商直呼现在行情看不懂！茅台价格全线上涨，非标产品涨幅显著,false,thepaper,1,2025-12-25
央行：加强对扩大内需、科技创新、中小微企业等重点领域的金融支持,false,cls-hot,1,2025-12-25
升级！美国罕见制裁欧盟前官员,false,ifeng,1,2025-12-25
AI中场时刻①｜摩擦白热化：搅动版权、入口与伦理之争,false,thepaper,1,2025-12-25
【早报】北京发布楼市新政；标普500指数、道指收盘均创新高,false,cls-hot,1,2025-12-25
华尔街见闻早餐FM-Radio | 2025年12月25日,false,wallstreetcn-hot,1,2025-12-25
泽连斯基公布俄乌“和平计划”草案20点内容,false,thepaper,1,2025-12-25
美国结束上届政府针对中国芯片贸易调查 未来18个月不对中国芯片加征额外关税,false,cls-hot,1,2025-12-25
中美关系剧透警告｜董云裳：明年中美元首若能高频会晤，能为潜在冲击“托底”,false,thepaper,1,2025-12-25
财联社2025年十大海外新闻,false,cls-hot,1,2025-12-25
专家：高市早苗肯定想去“拜鬼”，就看她怎么拜了,false,ifeng,1,2025-12-25
美部分参议员警告：全球半数国家可能没有美大使,false,ifeng,1,2025-12-25
商业航天、6G等成产业布局重点 上海发布G60科创走廊策源地支持措施,false,cls-hot,1,2025-12-25
高市早苗或于26日参拜靖国神社,false,ifeng,1,2025-12-25
高市早苗或参拜靖国神社,false,ifeng,1,2025-12-26
近期多个公路收费站提前停止收费：有的提前十年撤站为民减负,false,thepaper,1,2025-12-26
【早报】头部硅片企业大幅上调报价；国投白银LOF限购100元,false,cls-hot,1,2025-12-26
华尔街见闻早餐FM-Radio | 2025年12月26日,false,wallstreetcn-hot,1,2025-12-26
国家发改委：国家创业投资引导基金将对集成电路、人工智能、航空航天、低空经济等领域的早期项目和企业加大投资力度,false,cls-hot,1,2025-12-26
台湾民意机构通过赖清德弹劾提案,false,ifeng,1,2025-12-26
工信部：2026年要打造集成电路、新型显示、新材料、航空航天、低空经济、生物医药等新兴支柱产业,false,cls-hot,1,2025-12-26
历史上的今天｜1893年12月26日，毛泽东同志诞辰,false,thepaper,1,2025-12-26
美媒感叹：今年最重要的一课，“永远别低估中国”,false,ifeng,1,2025-12-26
年末遭遇“杀猪盘”？子公司买基金爆亏81%，上市公司报案,false,cls-hot,1,2025-12-26
节后首日美股微跌，“金属狂潮”继续，白银暴涨10%，纽铜涨5%，铂钯双位数大涨，和平曙光重挫油价,false,wallstreetcn-hot,1,2025-12-27
影子调查这一年：一路匆忙，也听到激人奋发的澎湃回声,false,thepaper,1,2025-12-27
河南周口通报一中学食堂承包方举报校领导：成立联合调查组,false,thepaper,1,2025-12-27
【早报】全线暴涨超10%！银钯铂集体狂飙；商业火箭领域再迎利好,false,cls-hot,1,2025-12-27
建议对42人追责问责，中国黄金集团内蒙古矿业有限公司较大坠落事故调查报告公布,false,thepaper,1,2025-12-27
泰柬就停火问题签署联合声明(图),false,ifeng,1,2025-12-27
柬泰停火了,false,ifeng,1,2025-12-27
美媒爆料：美印曾在喜马拉雅山搞丢一台核装置,false,ifeng,1,2025-12-27
北京祭出楼市调控组合拳：放松限购、优化信贷、审批提速,false,cls-hot,2,2025-12-25
高市早苗又放话了，警惕！,false,ifeng,2,2025-12-25
平安夜美股债汇涨，标普新高，黄金失守4500，人民币三连涨，加密货币疲软,false,wallstreetcn-hot,2,2025-12-25
中方对日持续升级反制措施的核心所在,false,ifeng,2,2025-12-25
国投白银LOF复牌后快速跌停，成交金额超5亿,false,cls-hot,2,2025-12-25
轻装前行，直面45°坡度生活,false,thepaper,2,2025-12-25
兮璞材料“抢跑”上市 向日葵跨界半导体“暗礁”隐现,false,cls-hot,2,2025-12-25
泽连斯基圣诞致辞许愿“普京灭亡”，克宫：粗鲁无礼、充满怨恨,false,ifeng,2,2025-12-25
视频丨952名缅甸妙瓦底地区涉电诈犯罪嫌疑人被押解回国,false,thepaper,2,2025-12-26
印度火箭发射迄今最重卫星，100次航天轨道发射迎里程碑,false,thepaper,2,2025-12-26
俄：建议日方修建“日本军国主义受害者纪念堂”,false,ifeng,2,2025-12-26
特朗普圣诞夜动手！美国空袭尼日利亚，目标直指石油和稀土？,false,wallstreetcn-hot,2,2025-12-26
刘雪峰故意杀人案再审宣判：检方认为证据不足事实不清，吉林高院维持有罪原判,true,thepaper,2,2025-12-26
一级市场迎重磅LP！国家创业投资引导基金启动运行 三只区域基金率先落地,false,cls-hot,2,2025-12-26
拜登之子称乌克兰腐败“令人震惊”,false,ifeng,2,2025-12-26
央行报告：着力健全有利于“长钱长投”的制度政策环境 显著提高各类中长期资金实际投资A股的规模和比例,false,cls-hot,2,2025-12-26
泽连斯基：若普京同意停火60天，将就“和平计划”举行全民公投,false,ifeng,2,2025-12-27
一日狂飙10%！白银今年暴涨超170%的背后：散户狂热正在把行情推向极端,false,wallstreetcn-hot,2,2025-12-27
将见泽连斯基，特朗普放话：未经我批准，他无法敲定任何事,false,ifeng,2,2025-12-27
闻泰科技1月将借听证会维权，国际仲裁索赔或达80亿美元,false,ifeng,2,2025-12-27
小米也涨价了！内存压力传导至手机厂商，业界称终端再不涨明年必定亏损,false,thepaper,2,2025-12-27
年内近40家上市公司分红超百亿 股息率居前A股名单一览,false,cls-hot,2,2025-12-27
自顾不暇还搞事，澳情报高官：对高市涉台言论印象深刻,false,ifeng,2,2025-12-27
如何看待精神病人犯罪，普通人如何避免危险？对话司法精神病鉴定专家,false,thepaper,2,2025-12-27
科技股助标普收创新高，金银铜再新高，人民币强势逼近7.0，GDP强劲打击美债,false,wallstreetcn-hot,3,2025-12-25
关于治安管理处罚法第136条相关问题的说明和回应,false,thepaper,3,2025-12-25
谭案说法｜传播淫秽信息构成违法并非新规，私聊要注意边界,false,thepaper,3,2025-12-25
从春晚扭秧歌到演唱会伴舞，2025年机器人名场面盘点,false,cls-hot,3,2025-12-25
特朗普发小作文称《怦然心动》导演“精神错乱”招批评,false,ifeng,3,2025-12-25
美股收盘：三大指数连涨五日 道指、标普双双收新高,false,cls-hot,3,2025-12-25
日本一航空自卫队基地水体检出“永久性化学物”,false,ifeng,3,2025-12-25
日媒曝光声称“日本应拥核”官员身份，很讽刺！(图),false,ifeng,3,2025-12-25
人民币年底升值加速！离岸升破7.0大关，在岸升破7.01关口，均创下去年9月底来新高,false,wallstreetcn-hot,3,2025-12-25
23万卖一份吹票研报，券商两首席自引牢狱之灾，行业汗颜,false,cls-hot,3,2025-12-25
事关TikTok、美对华半导体产品加征301关税，商务部回应,false,cls-hot,3,2025-12-25
去年10月以来首次！离岸人民币对美元收复“7”关口,false,thepaper,3,2025-12-25
自己菜竟怪别人打压，“中方阻碍美国自主化稀土加工产业”,false,ifeng,3,2025-12-25
圣诞美欧韩股休市，人民币一年多来首次盘中破7，沪银涨超5%续创新高,false,wallstreetcn-hot,3,2025-12-26
AI“世界模型”来袭：全球游戏产业或迎来颠覆时刻,false,cls-hot,3,2025-12-26
传导成本压力、呼应“反内卷” 磷酸铁锂龙头祭出“减产检修+涨价”组合拳,false,cls-hot,3,2025-12-26
多国领导人发表“年终总结”,false,ifeng,3,2025-12-26
日本防卫费破9万亿，达到二战后新高,false,ifeng,3,2025-12-26
中方对20家美国军工相关企业及高级管理人员采取反制措施,false,cls-hot,3,2025-12-26
爱泼斯坦案新文件披露英王弟弟涉虐待？英国警方回应,false,ifeng,3,2025-12-26
成都8县市优化调整烟花爆竹管理措施，部分区域春节期间可限时燃放,false,thepaper,3,2025-12-26
白银还能更疯狂？库存耗尽、金银比坍塌，资深分析师喊出300美元天价,false,wallstreetcn-hot,3,2025-12-27
随神舟二十一号载人飞船返回的“太空小鼠”已成功孕育幼仔,false,thepaper,3,2025-12-27
马上评｜多个公路收费站提前停止收费，舍小钱算大账,false,thepaper,3,2025-12-27
乌称“和平计划”接近完成，俄称“版本完全不同”,false,ifeng,3,2025-12-27
日本广岛市长称日政府应坚持“无核三原则”,false,ifeng,3,2025-12-27
谁会阻止疯狂的白银？当年亨特兄弟是栽在谁手里？,false,wallstreetcn-hot,3,2025-12-27
泽连斯基涉俄乌谈判最新表态，被美国夸“重大进步”,false,ifeng,3,2025-12-27
侠客岛：日本政府有明确改变国策意图,false,ifeng,3,2025-12-27
泰柬停火，泰方：并非无条件接受,false,ifeng,3,2025-12-27
商业航天概念股赫然在列！12月接待机构调研次数居前热门股名单一览,false,cls-hot,3,2025-12-27
贵金属涨势如虹！黄金4500，铂金2300，白银72，齐创历史新高,false,wallstreetcn-hot,4,2025-12-25
北京放宽非京籍家庭购房条件，京籍多子女家庭五环内可买3套房,false,thepaper,4,2025-12-25
江西彭泽县发生车辆落水事故，造成8人死亡,true,thepaper,4,2025-12-25
澎湃回声｜“断骨增高术”宣介在多平台重现，澎湃报道后多个账号被封,true,thepaper,4,2025-12-25
北京楼市新政：放宽非京籍家庭购房条件 支持多子女家庭住房需求,false,cls-hot,4,2025-12-25
为何是2027年？“美国想保留筹码，但中国手里有王牌”,false,ifeng,4,2025-12-25
200亿美元，英伟达“史上最大收购”？英伟达“收编”Groq，“招安”TPU创始人,false,wallstreetcn-hot,4,2025-12-25
现在，欧洲情绪很不稳定,false,ifeng,4,2025-12-25
马上评｜决赛前夜短信威胁运动员，畸形饭圈突破底线,false,thepaper,4,2025-12-25
高市早苗：想尽快与特朗普会晤,false,ifeng,4,2025-12-25
美政府召回驻多国外交官，均为拜登时期上任,false,ifeng,4,2025-12-25
年终巨献：机器人述职报告,false,cls-hot,4,2025-12-25
各级干部以群众身份“换位跑一次”：无锡、苏州为何这么做？,false,thepaper,4,2025-12-26
注册高仿域名复制官网信息，山寨“学信网”再现网络,false,thepaper,4,2025-12-26
如何看待日本系统性介入南海？国防部回应,false,ifeng,4,2025-12-26
白银“不断创新高”的底气：伦敦现货白银的挤兑愈演愈烈,false,wallstreetcn-hot,4,2025-12-26
日本2026财年防卫预算创新高,false,ifeng,4,2025-12-26
马斯克今年赚了地球上其他人一生都赚不到的钱！,false,cls-hot,4,2025-12-26
倒打一耙！日本防相声称中国航母战力提升，要尽快与美防长面谈,false,ifeng,4,2025-12-26
【数据看盘】机构豪掷4.82亿买入航天发展 多路资金联手抢筹德明利,false,cls-hot,4,2025-12-26
中央网信办发布网络名人账号行为负面清单,false,thepaper,4,2025-12-26
欧盟二号人物：我们绝不能屈服美国的要求，放弃监管和自身价值,false,ifeng,4,2025-12-26
华尔街见闻早餐FM-Radio | 2025年12月27日,false,wallstreetcn-hot,4,2025-12-27
前一夜还剑拔弩张，今天40分钟就谈拢，泰柬为何突然停手？,false,ifeng,4,2025-12-27
中央纪委国家监委公开通报七起违反中央八项规定精神典型问题,false,thepaper,4,2025-12-27
特朗普提必要条件：敢降息，“不同意永远不可能成为美联储主席”,false,wallstreetcn-hot,5,2025-12-25
康波的年轮，走向1978：迎接商品和 A 股的历史级牛市,false,wallstreetcn-hot,5,2025-12-25
LOF盘中再涨停！白银套利“刷屏”，“乌龙指”、“异常交易”提醒都来了！,false,wallstreetcn-hot,5,2025-12-25
合肥卫健委通报新生儿住院治疗黄疸时死亡：涉事人员已停职接受调查,false,thepaper,5,2025-12-25
涉黄金、白银，3只LOF明日开盘起停牌1小时,false,cls-hot,5,2025-12-25
残障者坐飞机，障碍不只是机舱门前的高度差,false,thepaper,5,2025-12-25
LOF溢价涨停狂潮，谁制造的狂欢？,false,cls-hot,5,2025-12-25
法国、英国、德国、加拿大、日本等14国发表联合声明,false,ifeng,5,2025-12-25
英特尔美股盘前大跌5%，报道：英伟达暂缓推进测试英特尔18A工艺,false,wallstreetcn-hot,5,2025-12-25
离岸人民币兑美元升破7.0大关,false,cls-hot,5,2025-12-25
上海：对取得卫星通信基础电信业务经营许可证的企业 按照规定给予5000万元的一次性奖励,false,cls-hot,5,2025-12-25
贵金属集体回调！黄金失守4500，钯期货跌停，国投白银LOF跌10%触及跌停,false,wallstreetcn-hot,5,2025-12-25
【数据看盘】7.39亿元资金抢筹金风科技 多家实力游资集体出逃海南发展,false,cls-hot,5,2025-12-25
肯尼迪中心冠特朗普名后，年度音乐会取消,false,ifeng,5,2025-12-25
圣诞节后第一天，金银再创新高，《货币战争》作者“明年金价10000美元，银价200美元见！”,false,wallstreetcn-hot,5,2025-12-26
爱泼斯坦案涂黑文件被轻松解密 乌克兰成立战后选举立法工作组 | 环球市场,false,cls-hot,5,2025-12-26
12月26日投资避雷针：深交所对向日葵下发关注函 拟收购标的多家工厂未投入生产,false,cls-hot,5,2025-12-26
港大教授：若能维持10年和平，中美关系会有崭新面貌,false,ifeng,5,2025-12-26
俄军高官：乌克兰和平方案是烟雾弹,false,ifeng,5,2025-12-26
深交所连夜下发关注函！要求向日葵核实并说明兮璞材料产能、合规等问题,false,cls-hot,5,2025-12-26
2025年终盘点|主机厂深度跨界机器人、低空经济赛道 产业融合带动数万亿经济增量,false,cls-hot,5,2025-12-26
外交部回应日本领导人或参拜靖国神社：日方不要错上加错,false,thepaper,5,2025-12-26
对印度游客简化签证程序，中国为何现在“出手”？,false,ifeng,5,2025-12-26
商业火箭企业适用科创板第五套上市标准 科创板“1+6”改革举措加快落地,false,cls-hot,5,2025-12-26
乌军声称夺回库皮扬斯克近九成区域，俄军退回奥斯科尔河东岸,false,ifeng,5,2025-12-27
2026年全国两会召开时间来了,false,cls-hot,5,2025-12-27
内外盘齐创历史新高！今年银称霸明年换铜？沪铜站上10万大关，纽铜盘中涨超5%,false,wallstreetcn-hot,5,2025-12-27
河南网红“蹭饭书记”11月中旬卸任，称将回老家当村干部,true,thepaper,5,2025-12-27
她说特朗普有“酒鬼性格”,false,ifeng,5,2025-12-27
俄国防部宣布已控制库皮扬斯克,false,ifeng,5,2025-12-27
金银再创历史新高，势创1979年来最大年涨幅，两大推手立功,false,wallstreetcn-hot,6,2025-12-25
特朗普要“确保太空优势”，美国“太空股”会成为下一个“量子科技”吗？,false,wallstreetcn-hot,6,2025-12-25
中国足球协会纪律委员会原主任王小平受贿案二审维持原判,false,thepaper,6,2025-12-25
西藏自治区人大常委会党组副书记、副主任王峻被查,false,thepaper,6,2025-12-25
【数据看盘】实力游资联手量化资金抢筹英唐智控 机构“爆买”天银机电,false,cls-hot,6,2025-12-25
泽连斯基公布美乌“20点和平计划”草案，俄方回应,false,ifeng,6,2025-12-25
英国政府宣布禁止活煮龙虾、螃蟹，餐饮行业怒了,false,ifeng,6,2025-12-25
当美国人被一条“斩杀线”击中…,false,ifeng,6,2025-12-25
央行四季度例会：继续实施适度宽松的货币政策，加大逆周期和跨周期调节力度,false,wallstreetcn-hot,6,2025-12-25
人民币升值，“结汇潮”的助推？,false,wallstreetcn-hot,6,2025-12-25
12月25日投资避雷针：3天2板海南板块人气股公告 第三大股东拟减持不超3%,false,cls-hot,6,2025-12-25
辽宁盘锦幼儿园虐童案被告一审获刑2年，24名相关责任人被处分处理,true,thepaper,6,2025-12-25
泽连斯基又扯中国，这次是卫星,false,ifeng,6,2025-12-25
【每日收评】沪指迎7连阳！商业航天概念持续爆发，市场再现10连板个股,false,cls-hot,6,2025-12-25
扎哈罗娃生日获普京颁发勋章：在中国长大，能讲一口流利北京话,false,ifeng,6,2025-12-25
人民币升值，只是开始？,false,wallstreetcn-hot,6,2025-12-25
特朗普官宣“黄金舰队”计划：真不是冲着中国，两国关系可好了,false,ifeng,6,2025-12-26
国家统计局：经最终核实，2024年GDP现价总量为1348066亿元,false,thepaper,6,2025-12-26
8.67亿英镑，中国巨头拿下南美顶级铜金矿！该矿已被国际同行验证多年，但因开发难度高而陷入犹豫,false,wallstreetcn-hot,6,2025-12-26
商业火箭企业适用科创板第五套上市标准细化规则发布,false,cls-hot,6,2025-12-26
美媒自问自答：特朗普“黄金舰队”能匹敌中国吗？难,false,ifeng,6,2025-12-26
今日中间价远低于市场预期，偏离度创2018年以来最大！央行亮姿态：人民币升太快了吗？,false,wallstreetcn-hot,6,2025-12-26
在数字感性中修炼我们的感受力,false,thepaper,6,2025-12-27
他活成了世界的一个大笑话(图),false,ifeng,6,2025-12-27
被中方最新制裁的美国军工企业和个人，都是什么来头？,false,ifeng,6,2025-12-27
特朗普回应泽连斯基：没我，你啥都不是,false,ifeng,6,2025-12-27
算力突围的终极战场不在硅谷，而在太空轨道,false,wallstreetcn-hot,6,2025-12-27
全国人大常委会任免名单,false,cls-hot,6,2025-12-27
美方拟自2027年起对华半导体产业征关税，外交部：损人害己,false,thepaper,7,2025-12-25
特朗普要建“特朗普级”战列舰，称战力爆棚，专家打出多个问号,false,ifeng,7,2025-12-25
“爱你老己”：“有史以来最好的梗”，名副其实吗？,true,thepaper,7,2025-12-25
美银筛出2026年六大芯片股 看好半导体行业销售额突破1万亿美元,false,cls-hot,7,2025-12-25
连续三日创历史新高！“铜博士”飙升，释放出何种经济信号？,false,cls-hot,7,2025-12-25
五角大楼“中国军力报告”硬中有缓？专家解读,false,ifeng,7,2025-12-25
反转？美特使最新表态：美国无意征服,false,ifeng,7,2025-12-25
200亿美元买下Groq，英伟达图啥？,false,wallstreetcn-hot,7,2025-12-25
【焦点复盘】创业板指探底回升收获5连涨，全市场超3700股飘红，机器人概念现批量涨停,false,cls-hot,7,2025-12-25
班主任兼宿管被判刑引热议，河南方城“英才学校火灾案”判决书披露量刑依据,true,thepaper,7,2025-12-25
无故旷工超15个工作日，湖南一地9名在编人员被解聘,true,ifeng,7,2025-12-25
缅甸妙瓦底KK园区等已被强力拆除,false,cls-hot,7,2025-12-26
A股三大指数再度翻红，贵金属、有色全线大涨，锂矿强势，国投白银LOF再次跌停，商业航天活跃，算力硬件领跌,false,wallstreetcn-hot,7,2025-12-26
中国首例！8岁患儿性腺呈“双性”，切除睾丸组织后冷冻卵巢组织,true,thepaper,7,2025-12-26
尼日利亚外长证实向美提供打击恐怖分子情报,false,ifeng,7,2025-12-26
上交所发布！商业火箭企业适用科创板第五套上市标准 制度包容性、适应性进一步提升,false,cls-hot,7,2025-12-26
手握5.5万亿美元巨资，飞速崛起的华尔街大金主：家族办公室！,false,wallstreetcn-hot,7,2025-12-27
中国11月规模以上工业企业利润同比下降13.1%，前11个月同比微增，高技术制造业利润增速加快,false,wallstreetcn-hot,7,2025-12-27
新城市志｜突破5万公里，对中国高铁意味着什么,false,thepaper,7,2025-12-27
日本民众举行集会，反对重启柏崎刈羽核电站,false,ifeng,7,2025-12-27
大“画”2026 十大行业前瞻抢先看,false,cls-hot,7,2025-12-27
卫星图曝光！美疑发现“榛树”导弹在白俄罗斯部署地,false,ifeng,7,2025-12-27
大国江河｜家在三江源,false,thepaper,8,2025-12-25
台当局恐吓若宣扬对台动武将予重罚，国台办回应,false,thepaper,8,2025-12-25
【焦点复盘】市场现缩量普涨行情，全市场超百股涨逾10%，光模块龙头总市值突破7000亿,false,cls-hot,8,2025-12-25
金属新高狂潮仍在延续 英特尔遭利空传言突袭 | 今夜看点,false,cls-hot,8,2025-12-25
日本发放过期救济粮，要求领取者签免责书,false,ifeng,8,2025-12-25
美司法部：新发现逾百万份或与爱泼斯坦案相关文件,false,ifeng,8,2025-12-25
突发！20CM涨停商业航天概念股近日遭控股股东减持97.44万股|盘后公告集锦,false,cls-hot,8,2025-12-25
联合国专家谴责美对委的封锁 多家国际机构预计明年金价冲击5000美元 | 环球市场,false,cls-hot,8,2025-12-25
中芯国际部分产能涨价10% 国内半导体产业链迎黄金上升期,false,cls-hot,8,2025-12-25
日知名导演：欧美观众能接受“东亚面孔”，多亏了中韩作品,false,ifeng,8,2025-12-25
报道：宁德时代宜春枧下窝锂矿预计春节前后复产,false,wallstreetcn-hot,8,2025-12-25
年内二次上演！沪指再现7连涨，头部宽基强势“吸金”，融资客已加仓这些,false,cls-hot,8,2025-12-25
突破4500大关后，黄金仍在牛市“早期”？华尔街先知Yardeni：2029年有望冲击10000美元！,false,wallstreetcn-hot,8,2025-12-25
郑州中原保时捷中心人去楼空，贵州也有保时捷4S店被曝经营异常，均为同一家控股股东,true,thepaper,8,2025-12-25
圣诞美欧韩股休市，离岸人民币破7，黄金失守4500美元，沪银涨近4%续创新高,false,wallstreetcn-hot,8,2025-12-25
POS机快刷爆了！200亿、50亿、10亿，黄仁勋用美金“爆买”一切,false,wallstreetcn-hot,8,2025-12-26
1200亿美元“幽灵债务”：翻开AI巨头们不想让你看的另一本账,false,cls-hot,8,2025-12-26
美国务卿：美方愿促成柬泰对话,false,ifeng,8,2025-12-26
还敢套利？国投白银LOF再出手：A类定投上限降回100元，12月29日起执行,false,wallstreetcn-hot,8,2025-12-26
韩内乱特检组寻求判处尹锡悦10年监禁,false,ifeng,8,2025-12-26
美国产能不足拖累军售，对台未交付武器价值逾200亿美元,false,ifeng,8,2025-12-26
华为：全球悬赏300万元解决AI时代的存储难题,false,cls-hot,8,2025-12-26
大国江河｜胡杨千年 “河”以新生,false,thepaper,8,2025-12-26
美股指开盘涨跌不一，霸王茶姬股价创新低，金属再度狂飙，金银铜齐创新高，沪铜首次站上十万关口,false,wallstreetcn-hot,8,2025-12-26
太空概念股Sidus股价狂飙：市值不足1亿美元 却拿下“金穹”入场券,false,cls-hot,8,2025-12-27
金属市场集体大涨：金银铜齐创新高，氧化铝涨超 6%，锂矿石涨近8%,false,wallstreetcn-hot,8,2025-12-27
中国人民银行发布《中国金融稳定报告（2025）》,false,wallstreetcn-hot,8,2025-12-27
特朗普下令袭击尼日利亚，有人急了：万一跟中国打呢,false,ifeng,8,2025-12-27
“弹劾赖清德”时间表出炉,false,ifeng,8,2025-12-27
金正恩致电普京：朝鲜永远同俄罗斯在一起,false,ifeng,8,2025-12-27
突破5万公里！中国高铁持续升级，接下来要追求的是什么？,false,thepaper,8,2025-12-27
泽连斯基：俄罗斯无意结束战争,false,ifeng,8,2025-12-27
美军圣诞节突袭尼日利亚，特朗普政府有何考量？,false,ifeng,8,2025-12-27
马上评｜对余华新作，批评不应脱离文学范畴,false,thepaper,9,2025-12-25
白银LOF斩获3连板！溢价率跃升至68%，场内基金扎堆涨停，这些溢价率同步飙涨,false,cls-hot,9,2025-12-25
【每日收评】沪指涨0.53%实现6连阳，商业航天概念卷土重来，算力硬件方向反复活跃,false,cls-hot,9,2025-12-25
美所谓“中国军力报告”可靠性有多大呢？,false,ifeng,9,2025-12-25
Clocktower王凯文：白银是当前最高确信度交易，如果美联储“敢”在通胀下降息，那么白银“天上见” | Alpha峰会,false,wallstreetcn-hot,9,2025-12-25
美国未来18个月不对中国芯片加征额外关税，释放什么信号？,false,ifeng,9,2025-12-25
优必选拟16.65亿元入主锋龙股份 机器人产业链迎全新强催化,false,cls-hot,9,2025-12-25
AI带来飞跃？马斯克大胆预言：美国经济将现两位数增长！,false,cls-hot,9,2025-12-25
日本丰臣秀吉雕像8月“被斩首”，嫌犯找到了：一名警察涉案(图),true,ifeng,9,2025-12-25
不断压缩“近亲繁殖”问题空间，多地推动“人情岗”“世袭岗”整治,false,thepaper,9,2025-12-25
光伏电站涉嫌占用农田？官方回应,false,ifeng,9,2025-12-25
OpenAI的“广告模式”已初具雏形,false,wallstreetcn-hot,9,2025-12-25
马斯克预测美国经济18个月内实现两位数增长，AI成关键驱动力,false,wallstreetcn-hot,9,2025-12-25
“宁王”再出手！锂电长单与扩产公告齐飞 新一轮周期来了？,false,cls-hot,9,2025-12-25
朱孝天道歉：本人此前提及“国台办”的相关言论，与实际情况不符,false,ifeng,9,2025-12-25
国家创业投资引导基金正式启动,false,cls-hot,9,2025-12-26
金正恩视察重要军工企业(图),false,ifeng,9,2025-12-26
小米17 Ultra起售价6999元，较上代机型涨价500元,false,wallstreetcn-hot,9,2025-12-26
男子毒杀未成年子女案一审宣判：以故意杀人罪判处被告人刘仲杰死刑,true,thepaper,9,2025-12-26
台北捷运再传骚动，男子咆哮敲窗，乘客惊逃,true,ifeng,9,2025-12-26
白银基金，连续2日跌停,false,cls-hot,9,2025-12-26
年内第二只！市场再现11连板牛股，年内连板高标扫描，这些方向频繁涌现,false,cls-hot,9,2025-12-26
人民币破7之后,false,wallstreetcn-hot,9,2025-12-26
绩效新规下，公募基金经理的“最大化薪酬打法”,false,wallstreetcn-hot,9,2025-12-27
爱泼斯坦羁押期间死亡细节曝光,false,ifeng,9,2025-12-27
中国驻墨西哥使馆严正声明,false,ifeng,9,2025-12-27
马上评｜让每一分伙食费都明明白白用在孩子餐盘里,false,thepaper,9,2025-12-27
中方制裁军工企业，美国国务院还嘴硬,false,ifeng,9,2025-12-27
FBI“搬家”了,false,ifeng,9,2025-12-27
英伟达1400亿“收购”，GPU拐点已现？,false,wallstreetcn-hot,9,2025-12-27
错失暴赚机会，这家基金踏空在摩尔线程上市前，5000万甩卖，少赚至少5个亿,false,cls-hot,10,2025-12-25
现货黄金突破4500美元创新高 避险共识下机构现分歧：到顶了还是仍看涨？,false,cls-hot,10,2025-12-25
官方通报女子擅闯在建地铁隧道拍照：两单位被追责(图),true,ifeng,10,2025-12-25
白银LOF盘中再涨停！有投资者收到“异常交易”提醒，将被重点监控,false,wallstreetcn-hot,10,2025-12-25
玉渊谭天丨中方持续升级反制措施的核心所在,false,thepaper,10,2025-12-25
八部门推进多边央行数字货币桥项目 数字货币应用有望迎重大进展,false,cls-hot,10,2025-12-25
两大主线持续活跃，商业航天强势反包，算力硬件开启良性轮动,false,cls-hot,10,2025-12-25
国防部：“台独”挑衅一次我们就进逼一步 直至祖国统一,false,cls-hot,10,2025-12-25
广州一家五口驾车误入施工通道，全部坠江遇难,true,ifeng,10,2025-12-25
圣诞前夕美国就业市场回温，上周首申21.4万人，较前值小幅回落,false,wallstreetcn-hot,10,2025-12-25
英伟达急了？或被谷歌TPU逼到墙角，黄仁勋不惜代价也要“收编”Groq,false,wallstreetcn-hot,10,2025-12-25
国投白银LOF：12月29日起 A类份额定期定投金额限购100元,false,cls-hot,10,2025-12-26
我国创造超导电动磁悬浮推进世界纪录 超导产业链迈入高速成长期,false,cls-hot,10,2025-12-26
贾国龙的反思与百日风波后的西贝,false,ifeng,10,2025-12-26
国安部：某境外势力通过深度伪造技术生成虚假视频，企图向境内传播制造恐慌,false,thepaper,10,2025-12-26
Marko Papic万字访谈：委内瑞拉救不了油价，特朗普或在2026年“压榨”美联储，股市迎来“YOLO时刻”,false,wallstreetcn-hot,10,2025-12-26
12月26日会员早报：人民币加速升值强势破7，沪银大涨超5%持续逼空,false,wallstreetcn-hot,10,2025-12-26
中央网信办：规范网络名人账号行为管理,false,cls-hot,10,2025-12-26
汽车坠河一家5口遇难，知情人：车主能吃苦，前几年才在广州买房,true,ifeng,10,2025-12-26
六年来五次！拉尼娜又来了，全球农产品供应链将受冲击,false,wallstreetcn-hot,10,2025-12-26
万科37亿债券展期上演“相似一幕” 增信措施是否到位、具可执行性成关键,false,cls-hot,10,2025-12-27
商业火箭科创板上市标准落地！,false,wallstreetcn-hot,10,2025-12-27
释新闻｜美国在公海扣押委内瑞拉油轮，有什么法律争议？,false,thepaper,10,2025-12-27
郑丽文：期待明年上半年到大陆访问,false,ifeng,10,2025-12-27
日本给特朗普的5500亿“大礼包”第一笔要落地了，财务省拨460亿支持投资及核电,false,wallstreetcn-hot,10,2025-12-27
主持人刘芳菲登门向庞叔令道歉,false,ifeng,10,2025-12-27
赖清德若赴民意机构做弹劾说明要坐哪？韩国瑜备好“特别席”,false,ifeng,10,2025-12-27
具身智能迎来“奠基时刻” 人形机器人标委会成立 “放量”或成2026行业关键词,false,cls-hot,10,2025-12-27
金融支持加快西部陆海新通道建设 八部门联合发布21条举措,false,cls-hot,11,2025-12-25
日本民间组织激烈抗议官员拥核言论，要求罢免涉事人员,false,ifeng,11,2025-12-25
宁德时代宜春枧下窝锂矿预计春节前后复产,false,cls-hot,11,2025-12-25
云南镇雄煤矿事故致4死3失联，搜救仍在进行,false,ifeng,11,2025-12-25
巨头，被判赔一女子110亿元,true,ifeng,11,2025-12-25
国防部：日方推行进攻性太空政策极其危险,false,cls-hot,11,2025-12-25
起底韩国“最毒”财阀千金，“经过她身边就会死”,true,ifeng,11,2025-12-25
市场监管总局：针对“南极磷虾油”问题将强化食品委托生产监管,true,thepaper,11,2025-12-25
小鹏P7送官方店检修，被私拆4个轮胎,true,ifeng,11,2025-12-26
一所“孤独症学校”走过20年，然后呢？,false,thepaper,11,2025-12-26
金价疯涨一年突破4500美元，银行理财相关产品却在大幅收缩，头部公司二元看涨策略全面退场,false,cls-hot,11,2025-12-26
女老板转走合作伙伴600多万，事后仅被拘5天,true,ifeng,11,2025-12-26
美股三大期指涨跌不一 市场静待“圣诞老人行情” | 今夜看点,false,cls-hot,11,2025-12-26
银行女经理和丈夫先后自杀，储户78万存款只剩4000多元,true,ifeng,11,2025-12-27
柬泰两国开始进入停火状态,false,thepaper,11,2025-12-27
涉及人工智能拟人化互动服务管理 国家网信办公开征求意见,false,cls-hot,11,2025-12-27
新能源车高速公路电量耗尽，司乘二人下来推车被撞身亡,true,ifeng,11,2025-12-27
为何判死缓？一审判决书详解成都27岁女子家门口遇害案,true,thepaper,12,2025-12-25
柬方再称泰军使用集束炸弹，泰方暂无回应,false,ifeng,12,2025-12-25
口服版“减肥神药”获批 分析师：或加速食品行业产品变革,false,cls-hot,12,2025-12-25
【明日主题前瞻】L3级智驾国内又有新动作！万亿级赛道正式开跑,false,cls-hot,12,2025-12-25
高校学生集体退货，服装店老板吐槽被“白嫖”,true,ifeng,12,2025-12-25
关税影响蔓延至2026年？大摩：企业将继续提价，但“裁员潮”或能避免！,false,cls-hot,12,2025-12-25
一夜之间人去楼空，员工称被欠数十万元，保时捷门店疑似“跑路”,true,ifeng,12,2025-12-25
我国创造超导电动磁悬浮推进世界纪录,false,cls-hot,12,2025-12-25
国防部：解放军打“独”促统不停歇,false,thepaper,12,2025-12-25
温州医科大学本科生连发40多篇论文引质疑，所在学院删帖,false,ifeng,12,2025-12-25
“疯狂的石头”迎来性价比时代：工业金刚石应用场景拓宽 培育钻石市场回暖,false,cls-hot,12,2025-12-25
中共中央政治局召开会议，研究部署党风廉政建设和反腐败工作，中共中央总书记习近平主持会议,false,thepaper,12,2025-12-26
美联储独立性担忧缓解 分析称鲍威尔卸任后或彻底离场,false,cls-hot,12,2025-12-26
【明日主题前瞻】太空算力成为多个海外科技巨头看好的赛道,false,cls-hot,12,2025-12-26
男子婚内出轨，赠与对方65万元！法院：全额返还其妻,true,ifeng,12,2025-12-26
穿过心智的帷幕，跃入生命的河流,false,thepaper,12,2025-12-26
《科创板日报》评选2025十大科技热词出炉，AI成绝对主线,false,cls-hot,12,2025-12-26
【每日收评】沪指放量震荡微涨0.1%，全市场超3400股收跌，商业航天概念持续火爆,false,cls-hot,12,2025-12-26
与同学起冲突后被建议休学，14岁男生跳楼身亡,true,ifeng,12,2025-12-26
孙正义藏了44年的长女自曝身份，已育三孩,false,ifeng,12,2025-12-26
图解2025｜冰川（上）：两极之殇,false,thepaper,12,2025-12-27
现货白银、COMEX期银均录得两位数百分比涨幅 | 环球市场,false,cls-hot,12,2025-12-27
国家统计局：1—11月份全国规模以上工业企业利润同比增长0.1%,false,cls-hot,12,2025-12-27
瑞茂通“大动脉”式裁员 超20亿债务逾期业务或已停摆,false,cls-hot,12,2025-12-27
男子分手前将女子约至酒店杀害，死者父母起诉酒店索赔,true,ifeng,12,2025-12-27
向好友发不雅照算违法？新修订的治安管理处罚法解读,false,thepaper,13,2025-12-25
经纪公司声明：李凯尔恢复美国国籍并不属实，依然是中国国籍,false,thepaper,13,2025-12-25
网传“有人进入在建地铁隧道拍摄视频”，深铁建设集团通报,false,cls-hot,13,2025-12-25
耐克财报暴雷后库克出手：苹果CEO用重金投下信任票,false,cls-hot,13,2025-12-25
广州首个游戏电竞产业专项扶持政策发布,false,cls-hot,13,2025-12-25
【午报】三大指数震荡分化涨跌不一，商业航天板块延续强势，机器人概念股再度活跃,false,cls-hot,13,2025-12-25
商务部：坚决反对美对华半导体产品加征301关税，已提出严正交涉,false,thepaper,13,2025-12-25
100万亿资管产品迎信披重磅新规！5大修改要点，防止“业绩昙花一现”,false,cls-hot,13,2025-12-25
三星据称将推出“100%自主技术”GPU 终极野心：打造第二个博通,false,cls-hot,13,2025-12-26
老人在市场疑与城管争执被推倒后离世？福建福安警方：肇事者已被刑拘,true,thepaper,13,2025-12-26
人民日报钟声：以务实行动勇担大国责任——二〇二五中美经贸启示录①,false,cls-hot,13,2025-12-26
【午报】沪指与创业板指冲高回落双双翻绿，锂电产业链逆势走强，算力硬件股陷入调整,false,cls-hot,13,2025-12-26
市场监管总局：发电企业要切实承担起应负责任 光伏招标坚持优质优价,false,cls-hot,13,2025-12-26
【焦点复盘】沪指时隔4个月再现日线8连阳，有色、锂电等涨价概念全线爆发,false,cls-hot,13,2025-12-26
多地保时捷4S店疑似“跑路”？经销商回应,true,cls-hot,13,2025-12-27
金银铂集体疯涨再破纪录：避险情绪点燃贵金属年末狂欢,false,cls-hot,13,2025-12-27
美股收盘：三大指数集体微跌 金银铜铝板块涨幅居前,false,cls-hot,13,2025-12-27
腰斩、两折！司美格鲁肽、替尔泊肽集体降价 2026年减重药竞争前移,false,cls-hot,13,2025-12-27
中国航发集团原董事长曹建国已从中国工程院院士名单中撤下,false,thepaper,13,2025-12-27
图解2025｜火线上的博弈,false,thepaper,14,2025-12-25
丽江市古城区旅拍协会回应“文旅局喊话小红书”：此前曾与平台沟通现已放弃，计划起诉,false,thepaper,14,2025-12-25
海南封关首周：酒店预订增速领涨全国，离岛购物游或延续至春节假期,false,thepaper,14,2025-12-26
扎哈罗娃：就乌克兰问题谈判俄方立场无意让步,false,thepaper,14,2025-12-27
观察｜美国大规模召回大使或致外交能力断层，“特使当道”引担忧,false,thepaper,15,2025-12-25
黑恶组织腐蚀多名国家工作人员当保护伞，20年称霸一方！犯罪详情披露,true,thepaper,15,2025-12-25
深铁建设集团通报“有人进入在建地铁隧道拍摄视频”：两单位被追责,true,thepaper,15,2025-12-25
陈芋汐回应多年被“网暴”：造谣不断，决赛前遭“开盒”威胁,false,thepaper,15,2025-12-25
“温医大一本科生连发40多篇SCI论文”引质疑，指导老师：有些惊讶，但他能力的确很突出,true,thepaper,15,2025-12-26
女子冒充“富二代”虚构信托业务，诱骗好友1300万元挥霍一空被刑拘,true,thepaper,16,2025-12-25
从暴力立威到拉拢保护伞，安徽宣城一黑恶组织横行近20年终覆灭,true,thepaper,16,2025-12-25
温州医科大学一本科生连发40多篇论文引质疑，所在学院删除相关帖文,true,thepaper,16,2025-12-25
释新闻｜泽连斯基提出的俄乌“非军事区”计划能否实现？,false,thepaper,16,2025-12-26
外卖骑手在家中猝死被保险公司拒赔，检察机关支持起诉促调解,true,thepaper,16,2025-12-27
组织未成年学生有偿陪侍及卖淫，6人恶势力犯罪团伙被判刑,true,thepaper,17,2025-12-25
【社论】职场不该沦为“楚门的世界”,false,thepaper,17,2025-12-25
中国驻阿拉木图总领馆证实：慕尼黑至北京航班病亡乘客非中国公民,false,thepaper,17,2025-12-27
台湾地区领导人办公室前发言人妄称自己“不是中国人”，国台办回应,false,thepaper,18,2025-12-25
女子嫌等待时间过长突然扇医生一耳光后逃逸，被行拘5日,true,thepaper,18,2025-12-25
泽连斯基与美特使通话，推进俄乌和平计划磋商,false,thepaper,18,2025-12-26
广东江门一在建桥施工栈桥发生车辆坠河一家五口遇难，镇政府：正善后,true,thepaper,18,2025-12-27
刑满释放人员被举报任职国有控股企业“高管”，当事人：是普通工作人员,true,thepaper,18,2025-12-27
谭案说法｜私发淫秽信息违法？确实违法，此前还有情侣被罚,false,thepaper,19,2025-12-25
广东省委常委、组织部部长冯忠华履新广州市委书记,false,thepaper,19,2025-12-25
湖北汉川女教师被撞身亡醉驾肇事者获刑两年半，死者家属申请抗诉被驳回,true,thepaper,19,2025-12-25
时间永远分岔，通向无数的未来：澎湃评论部年度特别策划即将推出,false,thepaper,19,2025-12-25
昆明一职院学生演出结束集体将服装退货，校方已督促学生结清货款,true,thepaper,19,2025-12-25
紫燕食品致歉“店员偷拿顾客牛肉”：消费金额十倍现金补偿，涉事门店停业整顿、店员已开除,true,thepaper,19,2025-12-26
男子隐瞒母亲去世2年多里冒领养老金超16万，获刑3年,true,thepaper,19,2025-12-26
实探“郑州中原保时捷中心连夜闭店”：东安集团3家店出问题，有门店刚办完营业仪式,true,thepaper,19,2025-12-27
未拴绳大狗进店扑向女童，物业：现场无人受伤，已向狗主人强调文明遛狗,true,thepaper,19,2025-12-27
央行最新例会释放下阶段货币政策信号，哪些表述发生了变化？,false,thepaper,20,2025-12-25
美发布2025年《中国军力报告》：赶工迹象、矛盾和臆测炒作,false,thepaper,20,2025-12-25
云南威信县一卫生院原院长长期失联被单位发公告解聘,true,thepaper,20,2025-12-25
全总答澎湃：针对欠薪、违法超时加班等问题，“一函两书”让维权关口前移,true,thepaper,20,2025-12-26
男子小区楼道强奸同行女子，家属赔偿10万后获谅解一审被判二缓三,true,thepaper,20,2025-12-26
中美关系剧透警告｜李成：若能维持10年和平，中美关系会有崭新面貌,false,thepaper,20,2025-12-27
大外交｜推迟半导体征税、放行高端芯片出口，美对华科技竞争策略转变,false,thepaper,20,2025-12-27
全线爆发！黄金、白银、铂金齐创历史新高，贵金属走势为何这么牛？,false,thepaper,20,2025-12-27
最高检检察委员会副部级专职委员史卫忠任副检察长,false,thepaper,20,2025-12-27
